,Name,batter,bat_speed_90th,bat_speed_80th,bat_speed_std,swing_length_coefficient,swing_length_pvalue,contact_coefficient,contact_pvalue,contact_r2,estimated_woba_50th_percentile,estimated_woba_75th_percentile,estimated_woba_per_swing_top50,estimated_woba_per_swing_top25,swing_count,average_bat_speed,diff_between_wobacon_woba_50,diff_between_wobacon_woba_25
0,giancarlo stanton,519317,83.7023710127235,82.46598571728275,4.520539431744436,9.530008760669707,2.1565620228539874e-225,1.0753368390246594,3.823299234735634e-99,0.9619665468127228,0.4457241379310345,0.52321875,0.23937037037037037,0.31005555555555553,217.0,79.77403004626636,0.20635376756066412,0.21316319444444443
1,christopher morel,666624,80.42624025824539,78.85315275718946,5.717683601089064,9.443058544421282,8.429563221692468e-257,1.1290605929874864,5.7521679337265e-120,0.9713718190708408,0.44800000000000006,0.4019615384615385,0.19252892561983473,0.17418333333333333,242.0,75.45196808451038,0.25547107438016536,0.22777820512820515
2,oneil cruz,665833,83.62816901559852,82.32647597199713,10.151083331085971,9.839040580264635,4.897582115886836e-161,1.12561713691475,3.6803866428077443e-93,0.9663110563799698,0.32742553191489365,0.42254166666666665,0.16371276595744683,0.21576595744680852,189.0,75.20414764280522,0.16371276595744683,0.20677570921985813
3,matt chapman,656305,82.52352009523837,80.6228456488639,8.332502875823977,10.2088240791038,5.899096312542133e-236,1.0909192977330056,1.0000212921149863e-130,0.9700902832817302,0.273,0.28051724137931033,0.133224,0.13120967741935483,251.0,74.86731871914934,0.139776,0.1493075639599555
4,yordan álvarez,670541,80.38639803500655,79.14190507424111,6.139178930627457,9.874494505050688,6.468982042394198e-222,1.1532381855218055,3.8846671418975295e-146,0.9739672125264607,0.49896874999999996,0.47887096774193544,0.2729401709401709,0.2559482758620689,234.0,74.8082438955856,0.22602857905982904,0.22292269187986652
5,aaron judge,592450,80.29321448826357,79.17293410890602,8.194922504613906,9.265958936894922,4.400880556577231e-270,1.1636216188147224,8.93007170500301e-134,0.9712915781095096,0.5509285714285714,0.5066538461538462,0.22853333333333334,0.19661194029850748,271.0,74.62918742568331,0.32239523809523807,0.31004190585533875
6,jorge soler,624585,79.40874375512219,78.33159973673828,4.894120169639211,9.338334211873034,1.0252619705874803e-198,1.1044556885448071,1.3897609004172713e-101,0.9691450853774776,0.24614,0.28948148148148145,0.12185148514851485,0.15632,202.0,74.61969214490355,0.12428851485148515,0.13316148148148146
7,jo adell,666176,81.39180570777371,79.71201275798377,7.9152352190215876,9.734939741185663,9.224568511591014e-160,1.0585945695083283,2.8980624679082057e-86,0.9553731946936396,0.6039354838709677,0.8071875000000001,0.20350000000000001,0.2807608695652174,185.0,74.38338896796681,0.4004354838709677,0.5264266304347827
8,ronald acuña,660670,80.75638396528333,79.3491409409093,8.49394440671515,9.842256723083128,4.5523200877813456e-278,1.1089596165451936,1.6393336616599058e-144,0.9723337023804358,0.436578947368421,0.5008666666666666,0.17775,0.21465714285714282,281.0,74.37688349013536,0.258828947368421,0.28620952380952375
9,kyle schwarber,656941,81.12149201868131,79.72413372158807,9.428115757803761,9.458791357054068,2.443378995315063e-242,1.1210092557547935,5.707657523180812e-115,0.9674646011544732,0.40365624999999994,0.46291428571428567,0.20026356589147284,0.25315624999999997,259.0,74.3272257467128,0.2033926841085271,0.2097580357142857
10,gunnar henderson,683002,79.72725892253408,78.01299282786823,6.061111273855754,10.27018647948777,7.660270830581685e-261,1.1405127881171024,6.039622163667273e-137,0.9671518199720446,0.44694117647058823,0.5223428571428571,0.22183941605839416,0.2688529411764706,275.0,74.22316730289128,0.22510176041219407,0.25348991596638654
11,vladimir guerrero,665489,80.78374333587563,78.5500146670093,6.556508593112138,9.602711249960654,1.4835196995657433e-257,1.124230535227555,4.156136670429635e-142,0.9694646552054251,0.47911538461538467,0.5994137931034483,0.194640625,0.27160937500000004,257.0,74.16052856277649,0.28447475961538465,0.3278044181034483
12,julio rodríguez,677594,80.05842060973413,78.78846183098844,8.409543633716149,9.5028128631796,2.45899626000759e-294,1.1256182315469965,5.110684135871261e-144,0.9662789065313576,0.35565625,0.31187096774193546,0.14975,0.12721052631578947,304.0,74.12014475118114,0.20590625,0.184660441426146
13,javier báez,595879,79.3785596913744,77.87635818386943,6.002557096681893,8.494929130809044,1.0865777460144166e-181,1.0939246805386391,6.472999548825237e-102,0.9703035118301558,0.27278846153846154,0.276625,0.1525268817204301,0.19243478260869565,187.0,74.0184902387295,0.12026157981803143,0.08419021739130436
14,juan soto,665742,79.72442881886471,78.50478392898174,8.160963653946222,10.171739380309546,9.495482570063382e-225,1.1847743299389588,8.093934530773882e-138,0.9742525648359713,0.5006714285714285,0.6085405405405406,0.29700847457627116,0.38162711864406784,236.0,73.91690298829089,0.20366295399515738,0.2269134218964728
15,bobby witt,677951,79.3067044217248,77.99358579373694,5.916871812610624,10.541737828042919,1.6350549994423803e-297,1.1402926192670508,1.2889601512534725e-174,0.973922857052009,0.3944666666666667,0.40402380952380956,0.19723333333333334,0.22625333333333336,301.0,73.85528606902756,0.19723333333333334,0.1777704761904762
16,miguel sanó,593934,80.51237316487298,78.95814873374948,8.75290538535339,9.229663817417448,4.2583074381043246e-101,1.1156191484992757,1.8706244894524738e-50,0.9699988306671536,0.4129629629629629,0.6196,0.20648148148148146,0.34422222222222226,109.0,73.83110406747642,0.20648148148148146,0.2753777777777778
17,oliver dunn,686554,78.32103823148168,77.44934106684062,6.736124798159255,9.749265810196187,6.62499668338557e-134,1.0917581217340684,1.3643547505446913e-62,0.9684996195051677,0.25885714285714284,0.2777222222222222,0.1115076923076923,0.15621875,130.0,73.82617419044662,0.14734945054945053,0.12150347222222221
18,ryan mountcastle,663624,79.56227099835814,78.26311568692896,6.456812946032503,9.769309726212521,1.4485329960367218e-242,1.1010924307484045,6.55282610554484e-150,0.9679653552812392,0.406327868852459,0.5359705882352941,0.18091970802919707,0.26798529411764704,274.0,73.81854506571337,0.2254081608232619,0.26798529411764704
19,shohei ohtani,660271,80.41590737506306,78.6703329388703,6.712694695813504,9.734553702393843,7.738716905780737e-228,1.1609135591550845,1.4231759798766013e-131,0.9701577520073765,0.5774576271186442,0.6892962962962963,0.2725600000000001,0.3001774193548387,251.0,73.80923444330558,0.30489762711864415,0.3891188769414576
20,jake burger,669394,79.15047706418179,78.24006906035875,6.806871980640141,9.900085582779083,5.602677386070206e-97,1.1472284729754483,4.132506812794157e-56,0.9720334017892882,0.4266363636363636,0.37427272727272726,0.1840392156862745,0.16468,103.0,73.63259801376888,0.2425971479500891,0.20959272727272726
21,tyler o'neill,641933,78.72786774524822,77.34019190455267,5.260701453484274,9.828811122651716,7.755508614005045e-189,1.1613986577604811,1.8608512697009687e-93,0.9760896463775213,0.49073529411764705,0.5486666666666666,0.18538888888888888,0.21946666666666664,181.0,73.61950585399822,0.30534640522875817,0.3292
22,elehuris montero,660707,78.99680830636176,77.52619586746377,7.328797728867338,9.69118335992042,1.9873724965033677e-195,1.0964546964118371,1.0445684626378816e-106,0.9624977569262747,0.26347916666666665,0.2554827586206897,0.11931132075471697,0.13979245283018868,212.0,73.61646599593809,0.1441678459119497,0.11569030579050102
23,riley greene,682985,78.7277518656924,77.70627485007091,5.384282258591332,10.0825090011466,7.55098571567598e-234,1.1410703398710127,2.513001360475111e-122,0.9687444404145354,0.5325,0.52771875,0.27061475409836067,0.2768360655737705,244.0,73.5218038433947,0.2618852459016393,0.2508826844262295
24,carlos correa,621043,79.33244889230461,77.43043306984244,4.826839588073827,9.77727972501959,1.374332410194718e-117,1.1668794599952204,4.45911772702459e-84,0.9756104249111751,0.4651714285714286,0.39768749999999997,0.2325857142857143,0.1818,140.0,73.36762168901018,0.2325857142857143,0.21588749999999998
25,willson contreras,575929,79.62948631867567,78.81767330864623,8.712576953158049,9.405928187726282,2.4849603243778085e-196,1.1041106006292294,1.035781324604256e-93,0.9651525218024792,0.437075,0.5291578947368422,0.17140196078431372,0.1971372549019608,205.0,73.36646139669801,0.2656730392156863,0.3320206398348814
26,marcell ozuna,542303,79.0643191679439,77.23532346758549,5.863344729155748,9.943043297895432,2.3289830497569176e-242,1.178343650051508,1.3440050104211867e-127,0.973748967154074,0.6199148936170212,0.6381428571428571,0.2428,0.22335,241.0,73.36341178194999,0.3771148936170212,0.41479285714285713
27,byron buxton,621439,78.6343444484433,76.66448942463737,6.597822935664057,8.945407871735469,2.5332026866420404e-143,1.0950170629669118,5.855558066460403e-70,0.9682336945494621,0.2396857142857143,0.25523529411764706,0.10894805194805196,0.1141842105263158,154.0,73.27581480885723,0.13073766233766235,0.14105108359133126
28,jesús sánchez,660821,81.10183077732536,79.26428890980084,10.09561886626544,10.299202422462052,2.6311201484200177e-185,1.1273843102230043,8.495953750386622e-100,0.9618925472453222,0.5091951219512195,0.5351176470588235,0.22448387096774192,0.19776086956521738,187.0,73.26672767321874,0.2847112509834776,0.3373567774936061
29,mike trout,545361,79.82979513332818,78.3960317808368,8.498246703955155,9.733419946959216,2.4656688984228685e-193,1.1090687428307346,4.152543606406539e-124,0.9722395502281315,0.48597674418604647,0.4564285714285714,0.20093269230769228,0.18432692307692305,209.0,73.23552571109744,0.2850440518783542,0.27210164835164835
30,pete alonso,624413,79.83759277688154,78.22903065980049,7.162415932513642,10.015092842239675,2.1152557497764218e-250,1.100149743782852,3.068761633335116e-135,0.9611330893042324,0.3264677419354839,0.2557931034482759,0.15218796992481204,0.1123939393939394,267.0,73.22570950209848,0.17427977201067185,0.1433991640543365
31,elly de la cruz,682829,80.08533403849546,78.58897551896621,8.910203886525991,10.130253084748208,1.524296397321975e-217,1.1488518162367989,1.1313895649518028e-109,0.9696611027435333,0.489921568627451,0.41013636363636363,0.2230892857142857,0.161125,224.0,73.12567537097321,0.2668322829131653,0.24901136363636364
32,riley adams,656180,80.43558339050335,78.35136060844604,8.784217276549274,8.939392191471832,1.8010243053873178e-111,1.0857124955005135,2.1291169921604947e-62,0.9625247430272772,0.3361333333333334,0.29319999999999996,0.16006349206349207,0.14187096774193547,126.0,72.99359765770298,0.17606984126984132,0.1513290322580645
33,michael harris,671739,78.23093403168744,77.06421934507036,6.506037747526219,8.893005118205572,2.863688629508982e-230,1.156463559148049,4.332350206383789e-131,0.9716089803520377,0.33736764705882355,0.28282352941176475,0.18207142857142858,0.15263492063492065,252.0,72.92598345405965,0.15529621848739497,0.1301886087768441
34,eloy jiménez,650391,78.93756578195685,77.75825705756719,7.883091948108768,10.012217904077618,1.369354191732809e-183,1.1361842188751372,1.965870231533689e-96,0.9639931346802837,0.3906363636363636,0.4610416666666666,0.18682608695652173,0.24054347826086955,185.0,72.87093483663799,0.2038102766798419,0.22049818840579707
35,cal raleigh,663728,79.6129497228092,77.58918972045495,7.070790277063973,9.430416264483153,2.352232506143741e-192,1.1579299105163512,2.266721058321134e-103,0.9733058768307266,0.5211627906976743,0.5418499999999999,0.20559633027522933,0.2006851851851852,218.0,72.83493973843807,0.315566460422445,0.34116481481481475
36,curtis mead,678554,79.54360161001597,77.98523485167715,8.490298550174906,9.84477549729875,4.116449912343652e-129,1.1135735523392387,6.122340307506489e-77,0.9727842481654291,0.23084210526315785,0.2960588235294117,0.12531428571428568,0.14379999999999998,140.0,72.81893277331723,0.10552781954887216,0.15225882352941172
37,hunter renfroe,592669,79.01718148139236,77.67360349332112,6.326935062304469,9.41409287173973,2.1851712027719955e-149,1.1303665805214942,4.3957940413432536e-98,0.971123366888942,0.2953777777777778,0.4135454545454545,0.16014457831325304,0.22190243902439022,166.0,72.81204190919136,0.13523319946452475,0.19164301552106427
38,matt olson,621566,78.31042504302516,76.83782408801036,6.312457824771576,9.776460471686802,3.4534053262007514e-239,1.166969380869007,4.049441893003812e-129,0.9718893418642107,0.40517543859649124,0.598875,0.18042968750000002,0.2994375,257.0,72.79339310171963,0.22474575109649123,0.2994375
39,wilyer abreu,677800,78.53981306982557,77.00974094031533,7.466165144132806,9.901254482497793,6.319107178611882e-199,1.102337170020096,5.920008171520382e-107,0.9714977680013835,0.3172272727272727,0.3046818181818182,0.13167924528301886,0.12647169811320758,213.0,72.77296298086314,0.18554802744425383,0.17821012006861064
40,austin riley,663586,78.82733793857912,77.60577158457505,8.540834517797538,9.79672605967277,4.099166698369609e-232,1.1462033607847397,1.1466675766906554e-128,0.9721461090228912,0.40653448275862064,0.4454516129032258,0.19169918699186989,0.2263770491803279,247.0,72.7708584283164,0.21483529576675076,0.21907456372289794
41,lawrence butler,671732,79.17741319596166,77.2678182654593,7.336457821172739,10.237028065752245,3.689012720183948e-146,1.173216749121692,4.815626233137522e-81,0.9730070739105595,0.40995238095238096,0.6119375,0.2125679012345679,0.24477500000000002,162.0,72.69261176288585,0.19738447971781306,0.3671625
42,corbin carroll,682998,78.836588631209,77.31771754923683,7.366877906384317,10.345138782164089,5.120101937917276e-220,1.1019654534387657,1.2899565573261352e-135,0.9647541564891242,0.3155,0.3108125,0.16577118644067795,0.16857627118644067,237.0,72.65331226389331,0.14972881355932205,0.14223622881355932
43,triston casas,671213,79.03634448620596,77.25656601919742,8.266185246276263,9.393650715108302,5.279598133643195e-95,1.1360321135008793,2.1182183543047977e-51,0.9703814432314235,0.4350952380952381,0.557,0.17915686274509804,0.17824,102.0,72.642678085168,0.2559383753501401,0.37876000000000004
44,rowdy tellez,642133,78.89126982031301,76.86692994618373,6.64523086946413,9.015485847929938,1.7159096611381653e-160,1.1358730551858516,1.3838182872014918e-92,0.9718792522405003,0.28945652173913045,0.25584,0.1623780487804878,0.156,164.0,72.60113157735974,0.12707847295864264,0.09984000000000001
45,joey ortiz,687401,79.64104086236289,77.34918044915953,7.802818141332598,9.552140395880489,1.1755209760644367e-140,1.078484191836114,1.6187252200658881e-80,0.957163703488324,0.3972307692307692,0.4741904761904761,0.20656,0.2691351351351351,151.0,72.59593291361266,0.19067076923076923,0.205055341055341
46,willy adames,642715,77.5148627907716,76.2272302633073,6.066676782039035,8.924917719035427,1.6784350104260208e-278,1.1514221195586685,1.5917976517713457e-155,0.9753398041606678,0.38610294117647065,0.4453513513513514,0.1823263888888889,0.22886111111111113,289.0,72.50995553049785,0.20377655228758174,0.21649024024024027
47,wyatt langford,694671,77.5815200018549,76.41280784810431,6.0365249439197095,10.695971190640773,6.600226650126254e-176,1.095100713478278,1.3661011618487224e-103,0.9664229216017064,0.32562499999999994,0.32055555555555554,0.14313186813186812,0.1282222222222222,183.0,72.43524718242956,0.18249313186813182,0.19233333333333333
48,joey gallo,608336,77.18612844901492,76.00135393324543,6.283115741455808,9.869953594795907,5.285964206820671e-136,1.1313958434661913,1.3131029591047651e-48,0.9742897083245826,0.5398695652173913,0.5439999999999999,0.19401562499999997,0.238,129.0,72.38292405625306,0.3458539402173913,0.30599999999999994
49,brent rooker,667670,77.7757192533275,76.32691915503311,6.6996510764157975,10.027837031400788,1.506808184504904e-165,1.1477633806845504,3.958067144615277e-99,0.9745623376199732,0.6859772727272728,0.9126923076923077,0.3280760869565218,0.5158695652173914,184.0,72.38176602334346,0.35790118577075103,0.39682274247491633
50,teoscar hernández,606192,79.0430073663265,77.10779428276659,7.468421562852228,9.441146064986182,1.570111780031744e-280,1.1439821637655077,8.755535850949535e-128,0.9628507645363054,0.384,0.37487878787878787,0.18189473684210528,0.18743939393939393,267.0,72.32598531452416,0.20210526315789473,0.18743939393939393
51,luke raley,670042,77.97883997574141,76.7976952877597,8.544917627763645,9.902024039800953,2.3021769544214018e-121,1.1192892111255361,9.258666967259448e-64,0.9692248356010196,0.26676470588235296,0.252,0.13742424242424242,0.13745454545454544,132.0,72.31073518963497,0.12934046345811054,0.11454545454545456
52,andy pages,681624,78.43634338342886,75.93983604631444,6.253842686932418,9.167558593988202,6.586775289011799e-188,1.1178072895435747,3.5999840951008725e-105,0.9735135230795204,0.43310810810810807,0.5007727272727274,0.16868421052631577,0.23440425531914896,191.0,72.29880092999227,0.2644238975817923,0.2663684719535784
53,spencer torkelson,679529,77.1584440948917,76.04060201169135,5.904137360779812,9.740052304266813,5.547718853815276e-239,1.1479468323961664,3.2003559161648285e-131,0.9711040801638616,0.24567647058823527,0.2826585365853658,0.1347258064516129,0.18691935483870967,249.0,72.27595888071619,0.11095066413662238,0.09573918174665616
54,salvador pérez,521692,77.58452563599728,76.16384901028081,5.421929058534816,8.921194564732113,3.3696835341331195e-247,1.1777151748808443,7.321395878443696e-163,0.9771856597779023,0.5046764705882353,0.5678055555555557,0.2599848484848485,0.30971212121212127,265.0,72.24945269704897,0.2446916221033868,0.2580934343434344
55,joc pederson,592626,79.18294951334246,77.47031838213996,8.454984826953137,9.611613365982329,2.2817943415051236e-161,1.1738426014053553,6.272593533638882e-92,0.9728726416017265,0.43,0.3712105263157895,0.17096385542168674,0.17202439024390243,167.0,72.24131888284897,0.25903614457831325,0.19918613607188707
56,shea langeliers,669127,76.98062231024382,76.26849925933406,6.091692028965408,10.043077121264394,2.7708435700688525e-201,1.184668001563384,2.0723286411267147e-107,0.967351466456807,0.49211320754716975,0.6233928571428571,0.25570588235294117,0.3422549019607843,205.0,72.18292139009839,0.23640732519422858,0.2811379551820728
57,j. t. realmuto,592663,78.48250590088954,76.70853790512373,6.659871042807595,9.512119682716207,2.8551472486641405e-228,1.1427814740986684,1.8006453590663664e-130,0.9686200398725275,0.43213461538461534,0.5442173913043478,0.18571074380165287,0.20861666666666664,243.0,72.15559178677657,0.24642387158296247,0.3356007246376811
58,colton cowser,681297,78.40364832139063,76.99269688350094,8.58874321140767,10.319513534176954,3.9096074849198814e-175,1.1518175318852042,1.409723998777071e-111,0.9775894531800107,0.5281860465116279,0.6082272727272727,0.22266666666666665,0.2623725490196078,204.0,72.1365338151774,0.30551937984496125,0.3458547237076649
59,manny machado,592518,78.43005114790319,77.18986379758265,9.170504581698673,9.507043695198409,4.0204354436942066e-215,1.1464644587963497,4.564146208557515e-122,0.9691890176420856,0.3890172413793103,0.3388387096774194,0.19121186440677965,0.17803389830508476,236.0,72.13234899750553,0.19780537697253067,0.16080481137233466
60,jake bauers,641343,77.63661940702175,76.13661638528727,7.874157607570532,9.6228037566157,5.6322332639179825e-126,1.1157406410822859,2.1898582618441844e-67,0.967699879434362,0.4291666666666667,0.7038823529411764,0.23059701492537316,0.3626060606060606,134.0,72.0940017182992,0.19856965174129354,0.3412762923351158
61,iván herrera,671056,78.27031413811117,75.92494543378977,5.885259256352415,9.41121003462431,5.274978151071149e-142,1.1719175985096164,5.156562018933402e-77,0.9697403032797401,0.414875,0.43782352941176467,0.19240579710144928,0.21891176470588233,139.0,72.06703748378902,0.2224692028985507,0.21891176470588233
62,nelson velázquez,676369,77.85601130829448,76.51923352667981,6.953187127089919,9.564405067925962,8.240749517787332e-181,1.1194518473405284,5.3393894219731976e-86,0.9675996927059657,0.39383783783783777,0.2997894736842105,0.1502268041237113,0.11866666666666666,195.0,72.05042143440363,0.24361103371412646,0.18112280701754385
63,william contreras,661388,79.39906451127143,77.47770813914018,8.788372419085126,9.881472617278453,1.3904110139331136e-234,1.2072499948884428,1.32809960354969e-125,0.9656101416542331,0.4382575757575758,0.45365625,0.2259765625,0.226828125,256.0,72.04287456451786,0.21228101325757578,0.226828125
64,christian walker,572233,79.04169700830761,77.66283288408836,9.167561259378202,9.725355355816507,8.110434247301134e-250,1.1324755425223711,4.916681588172852e-142,0.9682451028606918,0.46373214285714287,0.5684482758620689,0.1909485294117647,0.2424264705882353,273.0,72.02670210261235,0.27278361344537816,0.3260218052738336
65,randal grichuk,545341,77.36018465793616,75.73581347684126,5.8904494721389185,9.395339344112418,1.4559275992073216e-103,1.1661094232388771,1.8843155401804307e-62,0.9722050224096805,0.27466666666666667,0.2307857142857143,0.14261538461538462,0.12426923076923077,105.0,71.96466079321057,0.13205128205128205,0.10651648351648352
66,elías díaz,553869,78.15454053493553,76.81165285616848,7.730352988100255,10.30930092350513,5.611179104629123e-228,1.1224194190620593,1.3054112399864644e-126,0.9711162421437837,0.34802127659574467,0.32203999999999994,0.14223478260869565,0.1412456140350877,231.0,71.87178778026538,0.205786493987049,0.18079438596491224
67,gabriel arias,672356,78.77125858518527,76.93690173502208,9.099282303549273,9.49089619659424,5.4419088081063346e-139,1.1377516779943484,1.8219846911851885e-73,0.971234120799792,0.3236285714285715,0.3661,0.14710389610389613,0.19268421052631576,155.0,71.84553369243866,0.17652467532467536,0.17341578947368422
68,ramón laureano,657656,78.60380406686315,77.2678858433763,7.969452057547989,9.706858613124059,1.1977195854183674e-105,1.1279572991436868,1.6168580469650501e-52,0.9726346826871822,0.2515909090909091,0.15025000000000002,0.09543103448275862,0.062172413793103454,117.0,71.78373682764206,0.15615987460815045,0.08807758620689657
69,fernando tatís,665487,79.02976693448349,77.67950683364565,10.350071576136337,9.905211099102447,8.136992362989054e-250,1.1400566943116102,9.92654392543069e-142,0.9742066910013677,0.45288405797101455,0.5174375,0.23854198473282445,0.2547384615384615,263.0,71.68633083171228,0.2143420732381901,0.26269903846153847
70,michael conforto,624424,78.26885693469227,76.49352557592243,6.34501776465831,9.942025807379547,8.119135796617952e-226,1.1519022006543493,3.2779148037012775e-114,0.9597208900852905,0.3522592592592592,0.4603928571428571,0.1698392857142857,0.23019642857142855,224.0,71.6577546009879,0.18241997354497352,0.23019642857142855
71,jeremy peña,665161,76.46072425930817,75.13707168072474,6.24440161995254,9.324946479966346,1.6207828990481904e-246,1.1572749834061424,3.5352729150145927e-128,0.9692358188861482,0.4307321428571429,0.54,0.19934710743801654,0.234,243.0,71.63482651527858,0.23138503541912636,0.30600000000000005
72,yandy díaz,650490,77.08410448342966,75.59291716124055,4.599071895600792,9.546900395470262,2.7559264360523327e-278,1.1570835567103888,2.4491530429901997e-170,0.9719208384004545,0.3034925373134329,0.29285714285714287,0.16267200000000004,0.16532258064516128,250.0,71.60965433729802,0.14082053731343286,0.1275345622119816
73,andrew mccutchen,457705,77.33496199626306,75.63243310143753,7.045271491515225,9.379280085024547,5.2846534111687345e-179,1.129682693409511,1.366523142720222e-95,0.9665742330990439,0.4443863636363636,0.413,0.20367708333333331,0.15487499999999998,192.0,71.58761788900073,0.24070928030303027,0.258125
74,gavin sheets,657757,77.56853627849078,75.81000359844788,6.474081645136355,9.558260047788274,2.0114712457821585e-193,1.1626890161339638,4.376153463702626e-137,0.9737393806239097,0.39984745762711865,0.4818571428571429,0.2204766355140187,0.25456603773584907,215.0,71.55866719670139,0.17937082211309996,0.2272911051212938
75,enrique hernández,571771,77.64362578906244,76.14120866490205,5.026514934737473,9.498934020712683,4.2666776546138565e-121,1.1545742732936413,1.463403676886542e-69,0.9734621455541681,0.37461538461538463,0.6245555555555555,0.16508474576271187,0.19382758620689652,119.0,71.54220138991754,0.20953063885267276,0.430727969348659
76,brandon nimmo,607043,77.43403258404116,76.06581065367881,7.354636059199902,9.811221403682886,4.4550312692674285e-233,1.1598635003793702,3.1187486914970608e-148,0.9737819691843949,0.4884727272727273,0.5376206896551724,0.21666129032258064,0.2514677419354839,249.0,71.51712207166179,0.27181143695014665,0.2861529477196885
77,trevor larnach,663616,77.35981216736943,75.7456054628044,6.791956931597276,9.646184772099916,8.860018704605765e-127,1.1860206557048383,4.209557083861213e-65,0.9714587521166895,0.48703125,0.4603333333333334,0.2473809523809524,0.2672903225806452,127.0,71.50317396960307,0.23965029761904763,0.1930430107526882
78,anthony santander,623993,77.85527067197827,76.27811526761117,6.624457396032145,9.822437619130632,1.6848273694065693e-282,1.141124143587945,7.9565000819519305e-165,0.9679322291146534,0.287015873015873,0.29370967741935483,0.12644755244755246,0.12823943661971832,286.0,71.48755491326817,0.16056832056832054,0.16547024079963651
79,ketel marte,606466,79.33804849250949,77.00302496868471,8.285994421817858,9.395458779004837,3.3025118798871944e-265,1.1734735562361054,1.6690310465100143e-158,0.9732834326386933,0.4268412698412698,0.47780645161290325,0.19772794117647058,0.21782352941176472,272.0,71.40846763996421,0.22911332866479922,0.2599829222011385
80,rafael devers,646240,78.23330390815615,76.54769188390155,6.816373583590325,9.672290661268434,7.573692090872864e-207,1.180297038565422,9.291198110370722e-105,0.9723795292204194,0.4187045454545455,0.4258928571428572,0.1860909090909091,0.24336734693877551,198.0,71.38917994699214,0.23261363636363638,0.18252551020408167
81,bryce harper,547180,77.42416465528501,76.21300892961908,7.18956600557003,9.620105602773942,4.359273690687398e-230,1.1377986090505314,6.755366078204724e-124,0.9646804293071047,0.41450980392156866,0.4684137931034483,0.1626153846153846,0.20898461538461538,260.0,71.3871683725783,0.25189441930618406,0.2594291777188329
82,james outman,681546,78.2259233479736,75.8536033659568,6.8268119057220655,9.044629469648068,1.89569643999185e-126,1.1080147055676126,1.6239855369756185e-66,0.9621898741494059,0.2927391304347826,0.18225000000000002,0.09483098591549295,0.06248571428571429,143.0,71.3708631600797,0.19790814451928967,0.11976428571428574
83,blaze alexander,677942,77.89003797252491,75.31143484883567,6.750099772168282,9.70644177580878,4.4904867207944645e-136,1.1328392473654059,1.4344747185882394e-72,0.9710561544806597,0.26655172413793105,0.37587499999999996,0.11042857142857143,0.1718285714285714,140.0,71.33577110568955,0.1561231527093596,0.20404642857142855
84,seth brown,664913,76.66834150233652,75.21269028949897,7.656750986126747,9.922074984223787,3.6261603267999536e-167,1.137616917104951,2.289363205392985e-89,0.9671347209364844,0.375051282051282,0.3780555555555556,0.16621590909090908,0.1546590909090909,177.0,71.32653994467472,0.20883537296037294,0.22339646464646468
85,alec bohm,664761,76.19960235894425,75.0371198458786,5.718563589266651,9.766930104580476,4.348438672565025e-234,1.1990138295496064,1.0484425502931552e-146,0.977840828033434,0.42110606060606065,0.4018823529411764,0.24379824561403513,0.239719298245614,229.0,71.201078625696,0.17730781499202553,0.16216305469556241
86,mj melendez,669004,76.7926143340737,75.79278459584557,6.730996333237359,9.214889379012934,1.459235958499152e-210,1.1572151984431973,6.169062535073196e-115,0.9703150493772753,0.41717777777777776,0.5566666666666668,0.16183620689655173,0.20155172413793104,232.0,71.1920683589854,0.255341570881226,0.3551149425287357
87,alex kirilloff,666135,76.16611432454988,74.67054197391555,5.390089951672764,9.290064136889622,1.4474601352234349e-189,1.1730434187955812,7.79297433528034e-102,0.9755874011566535,0.28154347826086956,0.37052173913043485,0.13632631578947368,0.18131914893617027,190.0,71.18901205494754,0.14521716247139588,0.18920259019426458
88,jackson chourio,694192,78.02230679171986,76.22645113776761,8.476996365698822,9.667096548586334,9.571184966470977e-184,1.0961071858632363,1.923565612687422e-94,0.9613840628647148,0.2623333333333333,0.2758,0.11804999999999997,0.1379,201.0,71.17055333594418,0.14428333333333332,0.1379
89,jarred kelenic,672284,76.63847029143488,75.2907022762333,5.775852748119585,9.74378112458841,6.159736030165426e-135,1.1525523092810643,5.400273108423176e-73,0.9779172924752243,0.26629032258064517,0.2543157894736842,0.11626760563380283,0.13805714285714285,143.0,71.16216212183978,0.15002271694684233,0.11625864661654137
90,ryan o'hearn,656811,76.68073690737725,75.41232230458134,6.974640012019315,9.939186058180718,3.495166053898075e-111,1.2016182997461426,6.837645410021036e-85,0.9821791085148031,0.5533902439024391,0.603388888888889,0.3659516129032258,0.3503548387096775,124.0,71.13491768208212,0.18743863099921326,0.2530340501792115
91,bobby dalbec,666915,76.36677353857799,74.73707666521896,5.601041986408467,10.111187504010047,1.3975595101897925e-93,1.1278907678592907,8.527971406631243e-40,0.9612318093635617,0.1836,0.06040000000000001,0.05508,0.012080000000000002,100.0,71.12770402367892,0.12852000000000002,0.04832000000000001
92,gary sánchez,596142,79.60935288370459,76.55476522679518,7.533668007863454,9.54010748013643,3.916616005718941e-103,1.1525260783898397,1.012009499042662e-53,0.9719381360904008,0.5698076923076922,0.6326666666666667,0.27435185185185185,0.2811851851851852,109.0,71.1100115012104,0.2954558404558404,0.3514814814814815
93,brandon drury,592273,76.14901460142005,74.84014489317684,5.707962314230714,9.687691520366645,1.0570606500981517e-171,1.126202867872799,4.2447933343782785e-91,0.964599533363196,0.31299999999999994,0.39577272727272733,0.15097647058823527,0.20730952380952383,171.0,71.09215877476491,0.16202352941176468,0.1884632034632035
94,paul dejong,657557,75.17335401243179,73.98958253613394,4.665681071315453,10.25253738304649,2.2116506720707007e-211,1.1530965603456604,2.0589201662902227e-106,0.9760521819442893,0.33276470588235296,0.28248275862068967,0.15713888888888888,0.1517037037037037,216.0,71.05299233901434,0.17562581699346408,0.13077905491698597
95,estevan florial,664314,76.87981909434446,75.39916067181703,8.407525142390826,9.96569497447592,9.954281323485854e-157,1.1246625436681514,4.4601096209078693e-76,0.9737108964950731,0.30003124999999997,0.3069444444444444,0.11295294117647058,0.13154761904761902,170.0,71.02082221078224,0.18707830882352938,0.17539682539682538
96,miguel amaya,665804,76.56063231332072,75.43860593372372,6.696742017368995,10.128617132210438,6.106815582151753e-145,1.1389448172074697,8.661947564086166e-72,0.9639286656177367,0.29161538461538467,0.29223529411764704,0.1536891891891892,0.13427027027027028,148.0,70.99393817596834,0.13792619542619547,0.15796502384737676
97,josh naylor,647304,77.83513540901954,75.80966589092642,7.5496246073014275,9.275760076974207,1.04444166814114e-232,1.1713958321271891,8.343108243989734e-143,0.970557280932339,0.4336567164179104,0.4317837837837838,0.23244,0.25767741935483873,250.0,70.97514158755934,0.20121671641791042,0.17410636442894506
98,daulton varsho,662139,77.0230937776593,75.61676221698494,9.738431779906756,9.305217556194743,8.230464748112067e-208,1.104478578276533,1.0532647643941696e-115,0.9667203049036354,0.28181249999999997,0.358896551724138,0.12410091743119266,0.19274074074074077,219.0,70.96431827795588,0.1577115825688073,0.1661558109833972
99,edmundo sosa,624641,77.81099420014681,76.46127226296912,8.927139828056905,8.53166870096826,6.595411673427073e-94,1.0778514748253536,5.14385986047665e-47,0.9708873464497465,0.3799411764705883,0.49033333333333334,0.12186792452830189,0.16973076923076924,106.0,70.95089155780619,0.25807325194228636,0.3206025641025641
100,j. d. davis,605204,76.03636192100163,74.48502169455897,5.842728385110515,9.925046400022888,4.074220431311764e-122,1.2003095885352606,3.088747510239311e-63,0.9804092510560355,0.23288461538461533,0.29471428571428565,0.09611111111111109,0.13309677419354837,127.0,70.88001922787042,0.13677350427350424,0.16161751152073728
101,mickey moniak,666160,76.80139067103808,75.63100460072383,10.42026243176088,9.281343210272802,6.831205728476938e-196,1.1142803456739194,1.6010259866198694e-110,0.9712146559124818,0.3585909090909091,0.40358333333333335,0.15026666666666666,0.18626923076923077,210.0,70.86875181356821,0.20832424242424247,0.21731410256410258
102,ryan jeffers,680777,79.42556882997685,77.1902596936205,9.271909349123245,9.533780744564154,6.804655200305846e-199,1.127411515155128,2.1117618812826403e-112,0.9584133246950605,0.40017307692307696,0.511814814814815,0.18917272727272727,0.2512545454545455,221.0,70.86179656453677,0.2110003496503497,0.26056026936026944
103,yainer diaz,673237,77.03105248225417,75.07067097248533,7.189710511802974,9.415574118101846,2.832139765553396e-237,1.1431226339312184,6.342339909073241e-142,0.9651638397615021,0.34394915254237285,0.34819354838709676,0.15978740157480315,0.17133333333333334,255.0,70.81772446232304,0.1841617509675697,0.17686021505376343
104,nolan jones,666134,77.11108999949549,75.40297344129218,5.990511878238373,10.441840310773031,7.132552872348375e-116,1.169196382833654,3.5842563338402926e-60,0.9682030003304497,0.25304166666666666,0.2301666666666667,0.10654385964912282,0.09864285714285716,115.0,70.74359473608597,0.14649780701754384,0.13152380952380954
105,nolan gorman,669357,76.33598885459459,74.76340091145225,6.666551037118551,9.399513254984202,4.947402788830672e-193,1.1492443396052736,1.3090252975572922e-95,0.9788337816779374,0.39299999999999996,0.48759090909090913,0.17338235294117646,0.21033333333333334,205.0,70.73110346898358,0.2196176470588235,0.2772575757575758
106,dylan moore,664238,76.93332213031442,75.32689495017203,8.057975375867514,9.762764514284374,2.57738559368267e-153,1.146924445906107,9.85634538965863e-89,0.9643487033419731,0.35689583333333336,0.41924999999999996,0.20891463414634145,0.24541463414634146,165.0,70.65667526205381,0.1479811991869919,0.1738353658536585
107,lane thomas,657041,75.73326825617352,74.52814693734177,5.882093680385344,10.487125763957016,1.5349738915685806e-126,1.1636160783351186,5.174902330248839e-85,0.9766187130003571,0.38225000000000003,0.570125,0.21501562500000002,0.2850625,129.0,70.63448328369208,0.16723437500000002,0.2850625
108,matt vierling,663837,75.53092704679133,74.47645356148993,7.196129905730425,9.483435966744892,1.8945429483045938e-191,1.18533808452263,8.434671149483167e-113,0.9697428283982269,0.37083999999999995,0.49374999999999997,0.19937634408602148,0.2576086956521739,187.0,70.59583467775697,0.17146365591397847,0.23614130434782604
109,bryan de la cruz,650559,76.64932124012846,75.28451797997127,7.332405193427405,9.089892775534882,9.861238944087864e-267,1.160647497998448,2.7180330519840884e-145,0.970692564274994,0.4762112676056338,0.557516129032258,0.2381056338028169,0.24342253521126758,285.0,70.59298452692329,0.2381056338028169,0.31409359382099045
110,starling marte,516782,78.18470981708487,76.2001861536257,10.719329883388493,9.777001126715275,1.6436387385898723e-229,1.13923414519846,5.428731000063498e-113,0.9615402661414971,0.41613793103448277,0.3944137931034483,0.20454237288135593,0.19386440677966102,236.0,70.55809088875142,0.21159555815312683,0.2005493863237873
111,adolis garcía,666969,77.70685519087745,75.40601324577895,8.439828683232244,8.907813871602505,1.2033644514188795e-276,1.1865087080172037,2.4658362026482513e-139,0.9719744647405639,0.32531666666666664,0.39307142857142857,0.1478712121212121,0.16675757575757577,265.0,70.5285645142959,0.17744545454545455,0.2263138528138528
112,will benson,666181,76.44506164237436,74.55977001505507,6.727290462295502,9.026522310103536,6.225315521684855e-223,1.1449091887843295,1.9826651489547554e-99,0.9733065270537746,0.2839024390243903,0.31043478260869567,0.10392857142857144,0.1275,225.0,70.51217006787945,0.17997386759581885,0.18293478260869567
113,korey lee,686676,75.80414934855622,74.55453481197674,7.418379964143082,9.839674573938696,2.589288872670586e-137,1.146432245607844,3.300902969344931e-72,0.9682257362997889,0.38939999999999997,0.5205263157894737,0.19469999999999998,0.2825714285714286,141.0,70.49522057548191,0.19469999999999998,0.23795488721804514
114,paul goldschmidt,502671,76.1924163125791,74.72926620103429,6.053952268347405,9.125790851622872,9.882986772916782e-264,1.1886824518255987,1.9890498668094713e-134,0.9729593779322482,0.3816603773584906,0.4480384615384615,0.15209022556390978,0.1765,266.0,70.48580555438664,0.22957015179458085,0.2715384615384615
115,randy arozarena,668227,78.04347240234387,76.45888992406903,8.898394672086086,9.64591239118404,1.6199259148042578e-243,1.1652574121208457,1.1622133306037056e-124,0.9774943015527051,0.2965892857142857,0.3061612903225807,0.1339435483870968,0.15308064516129036,248.0,70.47320695824888,0.16264573732718893,0.15308064516129036
116,jj bleday,668709,75.9399698752091,74.83567012942697,7.640645394858912,9.651068824667718,1.1366289657271772e-225,1.141089256138304,2.035447127642709e-112,0.9632847622704596,0.3328070175438596,0.3657142857142857,0.16353448275862068,0.17655172413793105,233.0,70.45177112276616,0.16927253478523893,0.18916256157635467
117,mitch haniger,571745,76.12332014819698,74.11804300483921,6.760584538914612,10.07769939140223,7.394163146715304e-200,1.1854632637220812,2.9657870539034987e-113,0.9763286905062067,0.34400000000000003,0.3466666666666666,0.18304587155963303,0.1733333333333333,218.0,70.38941382159346,0.160954128440367,0.1733333333333333
118,vinnie pasquantino,686469,76.24369630517675,74.23150337534891,5.372629061093723,9.4916465263608,6.442859922662125e-245,1.1943033859074337,1.655219230036469e-156,0.9720203624118775,0.512135593220339,0.60616,0.2518,0.2525666666666667,240.0,70.3612952636738,0.26033559322033895,0.3535933333333333
119,ian happ,664023,76.40502548208326,75.0150636857273,7.542942598201618,10.158613969372915,1.6034731104558655e-275,1.1571090304288913,5.583756995779458e-140,0.9684000969628938,0.2969827586206897,0.2807142857142857,0.12303571428571429,0.11228571428571428,280.0,70.35087579793661,0.17394704433497538,0.16842857142857143
120,kerry carpenter,681481,75.6598440871112,74.0214773185423,6.320626596446726,9.283200298918125,1.8098299207068817e-189,1.1744792374381596,9.86540003612784e-109,0.9759546282250385,0.49634693877551017,0.5730000000000001,0.236126213592233,0.2696470588235294,206.0,70.34861009725236,0.2602207251832772,0.30335294117647066
121,jack suwinski,669261,78.29515777130061,76.40528134729026,10.710313689148167,9.870827899643967,1.5751434760600893e-165,1.1247859015416681,3.189636223452196e-99,0.9673559447632413,0.31532499999999997,0.38482608695652176,0.1370978260869565,0.19241304347826088,184.0,70.32604556275072,0.17822717391304346,0.19241304347826088
122,ke'bryan hayes,663647,75.58659821395781,74.62493891185062,6.071079667828586,10.415752499481906,1.6342950232054406e-205,1.1567060467933334,1.3858448074268096e-108,0.9630137264889049,0.29646000000000006,0.3128461538461539,0.15938709677419358,0.17682608695652174,187.0,70.31119991497204,0.13707290322580648,0.13602006688963214
123,ryan mcmahon,641857,77.37061397548716,75.83656410411216,7.296394832069631,9.922468494697915,1.985123370923787e-262,1.160698996386372,3.6000839219873823e-128,0.9639125921951771,0.4752545454545454,0.48089285714285707,0.19653383458646614,0.20401515151515148,266.0,70.29456546060453,0.27872071086807926,0.2768777056277056
124,cj abrams,682928,77.97684220794369,76.16736851333704,9.05507240038649,9.519724723505826,4.900493626452618e-273,1.137344643463097,3.6500685285629e-152,0.9622911640106754,0.4422205882352941,0.50653125,0.21028671328671328,0.2282957746478873,287.0,70.28682828746128,0.2319338749485808,0.2782354753521127
125,connor joe,656582,77.28043382333836,75.6093424597204,8.666718473195463,9.559451384649744,9.14405983570422e-153,1.1257485491102883,9.398906688657612e-88,0.9566778650411567,0.3317111111111111,0.3363,0.17770238095238095,0.16014285714285714,168.0,70.28266584084736,0.15400873015873018,0.17615714285714285
126,travis d'arnaud,518595,75.92546267872812,75.00831223728821,6.43228733317122,8.984702779328265,1.423148200481899e-138,1.1826887831630704,9.130668822244737e-68,0.9719782908700452,0.49282758620689654,0.5471333333333334,0.2012957746478873,0.2344857142857143,143.0,70.25712442593512,0.2915318115590092,0.31264761904761906
127,zack gelof,680869,75.02783196869443,73.86465005754658,7.241515321200069,9.38474334002134,1.572629180189714e-130,1.1729650315168063,5.999208595384896e-65,0.9699500198502722,0.3371944444444444,0.3121764705882353,0.17341428571428572,0.15162857142857142,140.0,70.24647754453486,0.1637801587301587,0.16054789915966386
128,jackson merrill,701538,77.71842941320439,75.62015109399556,8.694919530299524,9.530960644950834,8.610068291304067e-192,1.1704321174724517,5.277773639964582e-127,0.972062160730362,0.35044,0.3321071428571429,0.1684807692307692,0.1788269230769231,208.0,70.24543757870353,0.18195923076923076,0.15328021978021977
129,nathaniel lowe,663993,76.23392128866233,74.9073530801281,7.636118543274766,10.06709980602069,3.4246890133422063e-159,1.1445173324511748,4.3735230653283134e-104,0.9701751159517285,0.32563157894736844,0.36725,0.15663291139240507,0.226,159.0,70.23656114078914,0.16899866755496337,0.14125000000000001
130,connor wong,657136,76.43342780486017,74.77074191415326,10.206387700841985,9.564388445806816,1.744680087145174e-145,1.1322684756663248,4.039672175705908e-80,0.9666691469477697,0.3568,0.31423529411764706,0.18535064935064935,0.14057894736842105,154.0,70.17112266699048,0.17144935064935066,0.173656346749226
131,alec burleson,676475,76.20364318399226,74.03929731594636,5.722740460850467,9.436447626396797,4.6849959882469085e-174,1.1716419625034638,2.3593613784633395e-87,0.9592729401082732,0.39654054054054055,0.3945,0.1767710843373494,0.1924390243902439,166.0,70.16412017691272,0.21976945620319116,0.2020609756097561
132,jon singleton,572138,76.38918007876413,75.20557979470773,8.683449229035977,9.92454584887083,3.832320773896531e-119,1.185328660988191,6.255843263112848e-79,0.9771393659411162,0.40636363636363637,0.49613636363636365,0.21285714285714286,0.3520967741935484,127.0,70.12979179497593,0.19350649350649352,0.14403958944281525
133,max kepler,596146,77.13504134572452,75.30850366517821,8.162790266125992,9.390122484795931,1.1292672543136008e-145,1.1603633385939276,3.49720211901728e-92,0.9722943660530973,0.4266904761904762,0.4813333333333333,0.22975641025641025,0.25917948717948713,156.0,70.05833890560783,0.19693406593406593,0.22215384615384615
134,ezequiel duran,677649,76.97496888402083,74.80051486595703,9.897790607956019,9.734508687522835,7.443807734337755e-126,1.1396711239571489,4.17187483348048e-70,0.9635148889117655,0.3205454545454545,0.30888235294117644,0.16027272727272726,0.1591212121212121,133.0,70.05388519074702,0.16027272727272726,0.14976114081996433
135,brenton doyle,686668,75.69492053894463,74.32907423728022,8.817943443514025,9.56575067312422,1.7908587251905397e-201,1.159056238467744,1.0560419587859735e-108,0.9745504307042852,0.4315283018867925,0.3628666666666666,0.21576415094339624,0.20539622641509434,212.0,70.0396063422468,0.21576415094339624,0.15747044025157228
136,trea turner,607208,75.39653735924274,73.75293754388217,5.488243662906072,9.277065582737073,2.5747796327708288e-238,1.1984559273654682,1.4432438566729838e-128,0.9714503450976906,0.42863999999999997,0.5141578947368421,0.188,0.1713859649122807,229.0,70.03598838254912,0.24063999999999997,0.34277192982456145
137,amed rosario,642708,75.37246257809156,73.9041021776728,5.339542110864433,9.510323962082177,1.3272839930956523e-229,1.1171118796933737,1.434094835693167e-124,0.9673850081704036,0.2708181818181818,0.27851724137931033,0.13418918918918918,0.14685454545454546,222.0,70.03357068758095,0.1366289926289926,0.13166269592476487
138,michael massey,686681,75.14568758157966,73.6722050460061,4.576039354200175,9.821837728642898,1.2533354385290519e-127,1.1873457755524222,3.4841462457626765e-93,0.9796577956990352,0.2780526315789474,0.32628571428571435,0.15770149253731344,0.20763636363636367,135.0,70.03303174827673,0.12035113904163394,0.11864935064935067
139,kyle isbel,664728,75.26892389054242,74.13678880924705,6.671114333387734,9.796995469743864,5.953609143397127e-160,1.1745928301538955,2.1599981117687582e-95,0.9663324262650961,0.27014,0.3080416666666667,0.17316666666666666,0.18956410256410258,157.0,70.02700340275285,0.09697333333333333,0.11847756410256413
140,brandon marsh,669016,75.67304357042066,74.24736582470013,7.206363014551282,9.858631437692056,5.326262495849799e-189,1.21194986166839,1.1546555111105044e-120,0.9787566564618913,0.47725000000000006,0.5187096774193549,0.2807352941176471,0.31529411764705884,204.0,70.02371806364553,0.19651470588235298,0.20341555977229608
141,joey meneses,608841,76.1604451316932,74.13906480751152,5.356319719812972,9.924473820352146,2.1766419314785653e-225,1.1845900170955284,1.048538171935872e-146,0.9738196421840284,0.2910303030303031,0.3255555555555556,0.1641709401709402,0.20206896551724143,234.0,70.01004694892319,0.1268593628593629,0.12348659003831416
142,francisco lindor,596019,76.67707026936097,74.65596234850453,7.634213559423453,9.427102348820599,8.477044933164198e-251,1.185454067288,1.9361547169393935e-146,0.9720494863512065,0.39569117647058816,0.32074358974358974,0.20539694656488547,0.19244615384615385,262.0,70.00773283807183,0.1902942299057027,0.1282974358974359
143,christian encarnacion-strand,687952,75.71775701686813,73.76849789527793,5.892659754876827,9.576084211487766,2.4044096098749724e-171,1.153205084077488,1.4104064226122665e-99,0.9710718238467216,0.36015555555555556,0.37629166666666664,0.17616304347826087,0.1963260869565217,184.0,70.00648234388964,0.1839925120772947,0.17996557971014493
144,jared triolo,669707,74.78247940255297,73.1895966149274,4.6088679403305175,8.791057512600052,1.9351637178042737e-241,1.154440846694789,2.5940943824513727e-137,0.9750032228055541,0.303375,0.2464444444444445,0.14040495867768596,0.1478666666666667,243.0,69.97738093256376,0.16297004132231405,0.09857777777777779
145,corey seager,608369,75.39149915700109,74.36307137743378,7.146475075735517,10.453813716676333,3.084985556202182e-222,1.1739587813272825,1.1521246341972772e-129,0.9710924195220276,0.3660508474576271,0.37703333333333333,0.18944736842105264,0.19843859649122808,229.0,69.97578787790908,0.17660347903657447,0.17859473684210525
146,bryan reynolds,668804,76.50630960083811,74.7697363353313,7.6749130398884615,10.044892142844878,2.613512338063382e-212,1.1739482658852416,1.0155402918814865e-130,0.973124680973964,0.35142028985507245,0.49740624999999994,0.1971382113821138,0.2609344262295082,246.0,69.9698102061337,0.15428207847295866,0.23647182377049175
147,ryan noda,676116,76.29388488950572,75.06192914172996,8.250820821289624,9.334821970111767,6.439489618676261e-136,1.1469086384888327,9.283878096055494e-70,0.9737414302975119,0.363,0.22441666666666663,0.11759154929577464,0.07694285714285713,143.0,69.95375007639647,0.24540845070422534,0.1474738095238095
148,brett baty,683146,78.91944985235762,76.55254956977558,11.501211498862265,9.384562858144749,1.0446952343956428e-206,1.099507846086586,1.25934868515975e-119,0.9662192179022729,0.26172727272727275,0.25519047619047613,0.09927586206896552,0.09239655172413791,232.0,69.94306401848102,0.16245141065830723,0.16279392446633822
149,harold ramírez,623912,77.63664579692175,75.77112696576908,7.557371867071263,9.567293205163937,7.674914333426008e-207,1.1446988153119175,2.224416933664238e-110,0.9642164697226494,0.308530612244898,0.2786818181818182,0.13146086956521738,0.10756140350877193,231.0,69.92294132997174,0.1770697426796806,0.17112041467304628
150,michael taylor,572191,77.43446174767344,75.89147072600224,10.671203141058609,9.902882661383842,3.497711021081807e-137,1.1210542836349182,1.0492711757751279e-63,0.9608423213271503,0.3136666666666667,0.3792105263157895,0.12938750000000002,0.180125,160.0,69.84763162980607,0.1842791666666667,0.1990855263157895
151,j. d. martinez,502110,75.31020911678927,73.82375544178097,7.091385654609656,8.285028451365827,2.1629374440296216e-101,1.1910619481771454,3.787794793706502e-57,0.979072887405966,0.4741538461538462,0.4928461538461538,0.2370769230769231,0.2464230769230769,105.0,69.79115399191738,0.2370769230769231,0.2464230769230769
152,tyler freeman,671289,75.31384866907264,74.22192445272188,6.351386999703878,9.713798505596053,1.646988473996893e-176,1.1939313231285225,5.0371992775127996e-110,0.9714730313436063,0.31333333333333335,0.36240740740740746,0.18800000000000003,0.2174444444444445,180.0,69.77291295885627,0.12533333333333332,0.14496296296296296
153,josh bell,605137,76.1250810557517,74.60939462690517,6.038472412236406,8.860202788103706,1.8267390966046147e-214,1.1593933227110744,5.134223851225567e-120,0.9673035586924091,0.2756851851851852,0.3694814814814815,0.12833620689655173,0.17200000000000001,233.0,69.75275522389026,0.14734897828863347,0.1974814814814815
154,spencer steer,668715,75.18571374685813,73.74431851806865,6.224564415971134,9.392935514041834,7.302227847307228e-253,1.1603269432751104,2.7474922083284885e-153,0.9698560686118394,0.39036507936507936,0.4684285714285714,0.1906434108527132,0.256171875,259.0,69.74614028751552,0.19972166851236617,0.21225669642857142
155,patrick bailey,672275,75.16786486507253,73.707218442765,7.016670230530502,9.512405462582754,2.942461284280816e-130,1.1833882276921812,1.859241925655341e-83,0.9721259522496957,0.4358648648648649,0.47680952380952374,0.23038571428571433,0.2860857142857142,140.0,69.71249502048047,0.2054791505791506,0.19072380952380952
156,max muncy,571970,75.51639260421847,74.09467313713597,6.771019439410358,9.691030986864362,1.6858558608452033e-166,1.1841797795498108,1.2358297134205286e-92,0.9784206624100378,0.3640444444444445,0.5237391304347827,0.18829885057471266,0.28013953488372095,174.0,69.71058715668984,0.17574559386973185,0.24359959555106175
157,manuel margot,622534,75.87657231484029,74.88216647955674,8.516153098171692,9.700507974116517,2.029824378323516e-129,1.1496779126565682,5.063953051323685e-62,0.9556911087518092,0.272,0.182,0.12585074626865672,0.08824242424242423,134.0,69.68615391647461,0.1461492537313433,0.09375757575757576
158,lamonte wade,664774,76.17353562831482,74.95111923553083,8.631175508923208,10.646602984022975,2.8330237892725366e-147,1.1635473091407444,2.1281417274202215e-93,0.9656847812956353,0.46599999999999997,0.4669499999999999,0.21235443037974683,0.23946153846153842,159.0,69.64946709522916,0.25364556962025314,0.2274884615384615
159,rhys hoskins,656555,75.8843580810495,74.41945914278156,8.527651985779558,8.674164083599857,5.509332392270478e-211,1.1769372626519177,2.0827246268533404e-124,0.9724824622586561,0.43847826086956515,0.48071428571428576,0.17849557522123893,0.24035714285714288,226.0,69.62808844457975,0.2599826856483262,0.24035714285714288
160,kyle tucker,663656,76.26558770476495,74.91336979923399,9.540372848701287,9.321929860780559,2.181680783524927e-203,1.208723041220618,5.090446744971647e-150,0.9814627203576128,0.5192931034482758,0.6505483870967741,0.2689196428571428,0.360125,225.0,69.61802907407017,0.250373460591133,0.2904233870967741
161,maikel garcía,672580,75.2591671922039,73.81430479382541,7.49509281986571,9.467800731250142,3.697985396268969e-233,1.2018555711307068,1.1829728796733425e-153,0.9775571602493894,0.35418666666666665,0.3661315789473685,0.2177377049180328,0.2280819672131148,244.0,69.61555222475403,0.13644896174863386,0.13804961173425367
162,edward olivares,658668,76.94663768956926,74.8550665118891,9.652880663426787,9.65216272898612,8.373033293041001e-135,1.1426643017822802,5.7414527584281395e-87,0.9743708771929198,0.4078857142857143,0.5013157894736842,0.20394285714285715,0.2721428571428571,140.0,69.59716127742215,0.20394285714285715,0.22917293233082708
163,orlando arcia,606115,76.35733986266516,74.2079047126243,6.085423024183222,8.865281692636298,8.941465130698549e-224,1.1728390695170052,7.208488402541492e-135,0.9721241756834367,0.31028571428571433,0.36399999999999993,0.15109565217391305,0.19157894736842102,230.0,69.58946015380947,0.15919006211180128,0.17242105263157892
164,george springer,543807,75.86788814929012,73.99499647650437,6.9862280774298915,9.499206954703702,4.388763122371291e-229,1.1487896029330549,2.2936856725107815e-124,0.9615742484814553,0.31539682539682534,0.34154545454545454,0.15896,0.18179032258064515,251.0,69.52029106201968,0.15643682539682535,0.1597551319648094
165,wenceel pérez,672761,74.15388658532834,72.69555514578092,4.423592858897063,10.141596860820602,2.3146875750396947e-145,1.1668663186011274,2.0714177556934734e-83,0.972068533458193,0.3407272727272727,0.41400000000000003,0.16062857142857143,0.20108571428571428,141.0,69.47131347247692,0.18009870129870129,0.21291428571428575
166,dj stewart,621466,76.17396694285435,75.24109567593733,9.937832260281505,9.777509254789877,3.562137275739961e-104,1.2087729557551057,5.1373014722137315e-56,0.9704023906086257,0.4351666666666666,0.5381,0.23736363636363633,0.1992962962962963,111.0,69.47078054467843,0.19780303030303026,0.3388037037037037
167,mitch garver,641598,74.79640536268751,73.4103661822078,6.670833201354492,9.421263123061241,5.1004180255556645e-198,1.1771618327796005,2.6030826691905142e-105,0.9758012352911422,0.29354237288135593,0.3407826086956522,0.1633867924528302,0.14788679245283018,212.0,69.46055329314821,0.13015558042852574,0.192895816242822
168,edouard julien,666397,75.34883980333295,74.13129447473146,7.576390625023293,9.846817350112659,1.1082252636364582e-178,1.2017141500863788,1.2853980879888415e-97,0.9811914752084934,0.3964736842105263,0.4846666666666666,0.16376086956521738,0.18965217391304345,185.0,69.42955728184329,0.23271281464530894,0.2950144927536231
169,austin wells,669224,75.20586799478279,74.2678171411916,8.549362285429812,9.487928735198054,7.38856910070406e-107,1.1721492857804987,4.96010614247281e-68,0.9768764897293315,0.5111111111111111,0.5085714285714286,0.22999999999999998,0.2373333333333333,120.0,69.403230306889,0.2811111111111111,0.2712380952380953
170,lars nootbaar,663457,77.00924109846827,75.362990545683,9.999873639211222,10.23874066954918,1.2482536498708385e-137,1.1971835095931955,1.7369242496731853e-94,0.970556626042526,0.42787234042553196,0.44556000000000007,0.25455696202531647,0.28561538461538466,158.0,69.38714552706793,0.1733153784002155,0.1599446153846154
171,jake fraley,641584,75.64874027389088,73.79506159474906,7.361177708145846,9.784965925012669,3.6959126474363595e-137,1.1317577979829792,5.380416067249719e-93,0.9772168157495387,0.30278125,0.30146153846153845,0.13093243243243244,0.10591891891891891,149.0,69.37208682330701,0.17184881756756756,0.19554261954261953
172,j. p. crawford,641487,76.27133041049,74.71521008036413,8.427999177524459,9.993083496043623,3.1687755736386704e-127,1.1846677141294526,1.1414472174600768e-73,0.9693002701704683,0.28272727272727277,0.299,0.16368421052631582,0.1495,115.0,69.34294705498164,0.11904306220095695,0.1495
173,josé siri,642350,76.76260647513669,74.96824641817275,11.60722603136436,9.085266903669435,1.5655228241888477e-147,1.142212940040193,5.212073315588769e-70,0.9695104079222462,0.3983611111111111,0.5484444444444444,0.17072619047619048,0.23504761904761903,169.0,69.33394851001717,0.22763492063492063,0.31339682539682534
174,tyrone taylor,621438,74.6903011609697,73.79665582881806,7.27729852408253,9.039030109550746,1.3092206732401285e-126,1.1886282635228282,4.3514989422410065e-77,0.9698438628792273,0.3346666666666667,0.4154285714285714,0.15446153846153848,0.18175,131.0,69.30375316243962,0.18020512820512824,0.23367857142857143
175,jorge mateo,622761,76.9903913203916,75.1918200568018,12.461414924542302,9.05650922970079,3.61006534109952e-113,1.1220862180963818,5.1733421189811e-70,0.9751888551364752,0.2721666666666666,0.4106666666666667,0.1360833333333333,0.20533333333333334,120.0,69.29400081017789,0.1360833333333333,0.20533333333333334
176,parker meadows,678009,76.46013040034573,74.57038813652117,11.424034664325122,9.208076199150561,1.022509991167222e-125,1.1402261607310193,3.5264844358714785e-62,0.971754907311836,0.26758333333333334,0.4785555555555555,0.09444117647058824,0.12667647058823528,137.0,69.278269535067,0.1731421568627451,0.35187908496732023
177,andrew vaughn,683734,75.33079323979538,73.96253146777133,6.014453849568504,9.262378236101288,1.479993556708005e-233,1.194175793127048,8.021459119092517e-137,0.9729873115525508,0.32630303030303026,0.34396875000000005,0.17367741935483869,0.17753225806451614,249.0,69.26907840689717,0.15262561094819158,0.1664364919354839
178,jazz chisholm,665862,76.97185624759139,75.76352026518856,11.054887053155396,9.454576361566822,1.2725273327368817e-219,1.13523310821656,7.582614646146901e-97,0.9520032018618776,0.29553488372093023,0.1846956521739131,0.11552727272727273,0.07723636363636366,221.0,69.24744963514398,0.1800076109936575,0.10745928853754944
179,gavin lux,666158,74.75785752614993,73.43118397362524,4.877734940205231,9.601264833626955,2.1537510188725302e-119,1.1584495534307995,3.0643263815603413e-74,0.9712360084485129,0.30404000000000003,0.31707142857142856,0.1225967741935484,0.14319354838709678,125.0,69.24288369463541,0.1814432258064516,0.17387788018433178
180,leody taveras,665750,75.94666758506183,74.17227434366177,9.433162283683837,9.42993576098155,4.4834003770951484e-179,1.1672339426160274,2.9709589378878923e-112,0.971388026780325,0.34871153846153846,0.38373333333333337,0.18133,0.23024,200.0,69.22743239745463,0.16738153846153847,0.15349333333333337
181,henry davis,680779,76.71189885492724,74.03697373107975,9.014543485355222,9.712514576168234,3.448191553796041e-99,1.1354610067481696,3.5017576915717686e-52,0.9719764794153156,0.22156521739130436,0.2617,0.091,0.09346428571428571,112.0,69.18529593762425,0.13056521739130436,0.16823571428571427
182,evan carter,694497,75.62050333161477,74.01371573245113,7.408033739602557,9.714703389014607,2.3142242517442337e-165,1.140814808407878,1.0992750537407176e-91,0.9663120916147195,0.35808888888888885,0.37175,0.18957647058823526,0.21242857142857144,171.0,69.17399127340745,0.16851241830065358,0.15932142857142859
183,david fry,681807,73.9538456611738,73.03251398845516,7.16878750724612,8.873562366243313,8.419330962960849e-123,1.1718753451403048,6.791427589836197e-67,0.9741908657991858,0.31489655172413794,0.32783333333333337,0.14729032258064514,0.1269032258064516,125.0,69.15590612240065,0.1676062291434928,0.20093010752688176
184,jarren duran,680776,75.93157612692659,73.89403768411192,8.290766558990994,9.277358531247062,3.2144396267362484e-247,1.1563166979971327,3.094919983743551e-157,0.9714851606267911,0.27067605633802816,0.24165714285714282,0.14235555555555557,0.12623880597014922,271.0,69.15289179276202,0.1283205007824726,0.1154183368869936
185,josé ramírez,608070,76.05276884215675,74.53625219205543,8.360665345462463,9.580609638304312,1.3286124415247161e-298,1.225092566339959,4.323990991038483e-192,0.9731407099701838,0.3156769230769231,0.33241935483870966,0.13864189189189188,0.13925675675675675,297.0,69.14102838429308,0.1770350311850312,0.1931625980819529
186,luis garcía,671277,75.92738961965085,74.83263344604936,7.652239403676427,9.519045544054025,4.741617458862223e-165,1.1898189572746147,1.4175452257430122e-103,0.9704358280187255,0.39741176470588235,0.363,0.23296551724137932,0.2026046511627907,175.0,69.13773936379653,0.16444624746450304,0.1603953488372093
187,dansby swanson,621020,74.56788083872361,73.20668716546966,7.471593242885906,9.258560969212617,1.2668108224483578e-217,1.1965104149312282,4.4620813953856704e-111,0.9738437992622105,0.32092982456140356,0.22489285714285714,0.16046491228070178,0.11047368421052631,229.0,69.13465035352519,0.16046491228070178,0.11441917293233084
188,jurickson profar,595777,76.4927867446646,74.87483823091004,9.620093257443527,9.551987138098987,1.6024436029069715e-239,1.1880221886413767,3.512983720826046e-154,0.9725334994640347,0.4476136363636364,0.47248000000000007,0.15883064516129033,0.1905161290322581,249.0,69.09805701478508,0.2887829912023461,0.281963870967742
189,cody bellinger,641355,74.24090507946545,73.23630705399187,5.049045707888116,8.869448654862136,1.1627684953532783e-168,1.204137036446325,1.520593820118274e-98,0.9762852217830473,0.356657894736842,0.5047222222222222,0.163289156626506,0.2215853658536585,166.0,69.04151821526467,0.193368738110336,0.28313685636856367
190,mike yastrzemski,573262,74.09974234500697,72.67759952525431,8.544757912647217,9.286409364346031,1.3522262810059288e-163,1.198144220517788,3.6351946267154855e-85,0.975033318365414,0.32525,0.39641666666666664,0.18809638554216868,0.23204878048780486,166.0,69.01304133135925,0.1371536144578313,0.16436788617886178
191,jung hoo lee,808982,75.13291224534106,73.59928842972744,7.520262118820099,9.342098404287233,6.2825728841267515e-214,1.1972028468421247,4.537584247289728e-133,0.9676480860579607,0.34214035087719297,0.41656666666666664,0.18751923076923077,0.24032692307692308,208.0,69.0047914772616,0.1546211201079622,0.17623974358974356
192,carlos santana,467793,74.39463791319464,72.86304045726908,6.082037357564415,9.227268476669312,1.9988485063264355e-230,1.2107966354316828,3.051824986111449e-129,0.9766855106461959,0.3536101694915254,0.36536,0.18300877192982457,0.16024561403508772,228.0,68.97305111836155,0.17060139756170084,0.2051143859649123
193,xander bogaerts,593428,76.0595043911949,74.06978345746683,7.429159856655021,9.50742190418185,2.9480249851743295e-232,1.165429374392353,1.4277924097001298e-140,0.9700312668433867,0.37618965517241376,0.30437931034482757,0.18032231404958676,0.14711666666666667,243.0,68.96510584093431,0.195867341122827,0.1572626436781609
194,brendan rodgers,663898,76.47812435754877,74.2038956741351,8.036229806637584,9.930614176296826,5.0768982117732865e-166,1.1835486050954824,4.974925833579224e-92,0.9694869242079255,0.355175,0.2999375,0.17116867469879518,0.11704878048780488,167.0,68.9336794054175,0.18400632530120484,0.18288871951219515
195,colt keith,690993,73.90198274715576,72.73827306942921,6.900774422344755,9.985898985734233,3.1036606940695766e-160,1.180099751738561,5.198311100985957e-105,0.9776264670504214,0.32682,0.3826086956521739,0.18156666666666668,0.19555555555555557,180.0,68.93311122354163,0.14525333333333332,0.18705314009661836
196,thairo estrada,642731,75.78522647080759,74.44322182948822,8.348113679267806,9.582730722152235,7.963576956964056e-186,1.179099467863324,5.790567873566495e-134,0.9683960332952993,0.341203125,0.30893750000000003,0.2003394495412844,0.18307407407407408,219.0,68.92437177200331,0.1408636754587156,0.12586342592592595
197,ty france,664034,74.92529775212458,73.64399138905216,7.910514157139064,9.262659591537435,3.0058275491253127e-198,1.203550076817476,4.033546139873229e-119,0.9732915977693704,0.34867857142857145,0.4174230769230769,0.18596190476190477,0.20871153846153845,210.0,68.89468247148046,0.16271666666666668,0.20871153846153845
198,chas mccormick,676801,73.78235767018435,72.94468629977385,6.045283530403275,9.631318773960809,3.6408183338246005e-109,1.1841463442830942,1.3530547390366085e-62,0.9806810503238638,0.34445454545454546,0.3157777777777777,0.1377818181818182,0.10525925925925925,110.0,68.891080902704,0.20667272727272726,0.21051851851851847
199,alex bregman,608324,74.0328957705788,72.83034841890208,6.924483303395867,9.928221420369047,8.237603352188788e-185,1.1793140929469934,2.7093530030284037e-146,0.9775991158049668,0.28723333333333334,0.26869999999999994,0.17063366336633665,0.16121999999999997,203.0,68.87878322560671,0.1165996699669967,0.10747999999999996
200,freddie freeman,518692,75.53922928969102,73.2222085823519,6.371072736176146,10.085651113323118,4.5002056641338705e-262,1.1656189278886697,5.3124879962018864e-154,0.9620458439105075,0.4032280701754386,0.4162413793103449,0.1653525179856115,0.17494202898550726,279.0,68.87247525199821,0.2378755521898271,0.24129935032483762
201,cedric mullins,656775,75.05867896728716,72.99891140604528,9.319854160226999,9.315252090377795,1.3488343739640178e-205,1.170783275467116,7.17681253122784e-129,0.9764285464786951,0.23169387755102044,0.28081481481481485,0.10610280373831778,0.14305660377358492,214.0,68.86441365243412,0.12559107381270268,0.13775821104122993
202,logan o'hoppe,681351,75.65229871510876,74.39001784081148,8.016946613008237,9.574156169293074,9.808593433492322e-177,1.2336236842709876,1.6104939710876247e-102,0.9754763792676983,0.3226122448979592,0.278125,0.16817021276595748,0.14202127659574468,188.0,68.8515092302796,0.15444203213200172,0.13610372340425533
203,nick castellanos,592206,75.38919198148848,73.94233502565868,6.177847447592966,9.009100230970349,3.8394652165692397e-271,1.1694707627314225,9.846461920395234e-144,0.9734173842202039,0.3457166666666667,0.3908275862068966,0.14110884353741499,0.15526027397260275,294.0,68.79969659171257,0.20460782312925174,0.23556731223429386
204,jonathan india,663697,76.00458047969265,73.51204225584567,7.876224431732474,9.889729381170952,4.596662242802461e-155,1.1588322724941913,2.885736044226877e-107,0.9774447146034878,0.28584444444444446,0.26786363636363636,0.15132941176470588,0.1403095238095238,170.0,68.7992952350846,0.13451503267973858,0.12755411255411256
205,tyler stephenson,663886,74.69373726144792,73.4640988963697,8.374770135194249,9.419970206261846,9.977609937993253e-123,1.1979019904309476,9.670325868770165e-78,0.9757683438078014,0.4081499999999999,0.507875,0.25509374999999995,0.38090625,129.0,68.7982950013826,0.15305624999999995,0.12696874999999996
206,mauricio dubón,643289,74.62580007381301,73.41394861554407,5.977497222951014,9.097278294058933,1.2013217035484223e-164,1.1686628380503425,2.92115692622191e-109,0.9757182665405151,0.2495294117647059,0.3384545454545455,0.10221686746987951,0.181609756097561,167.0,68.79013804861215,0.14731254429482638,0.1568447893569845
207,josé miranda,669304,75.94033122713476,74.43780571285954,8.659711191077095,9.132986497341694,1.0216026808272699e-120,1.1576260619760073,6.145906922226342e-78,0.9678226746077825,0.3304571428571429,0.4203,0.17008823529411765,0.24723529411764708,137.0,68.75467251731455,0.16036890756302524,0.17306470588235293
208,abraham toro,647351,74.92645459096013,73.13187924886681,5.953981111812145,9.065372319096943,3.976938019817106e-245,1.2048125305789787,4.614813666757527e-133,0.973111821953614,0.3603272727272728,0.3790370370370371,0.1769464285714286,0.18275000000000002,225.0,68.69617804862858,0.18338084415584419,0.1962870370370371
209,gabriel moreno,672515,74.50750391861139,73.4122948022902,6.574833641083324,9.816148218959462,6.224430392141433e-138,1.1929887279601594,5.327450143981757e-95,0.9711260643642006,0.3155428571428572,0.3139473684210527,0.14725333333333335,0.16121621621621623,151.0,68.65634012917432,0.16828952380952383,0.15273115220483646
210,bo bichette,666182,75.86180962074945,73.82435431347794,7.524538523731787,9.597463140505047,2.520370818587564e-216,1.19117013881174,2.102875442322417e-145,0.9679526139732367,0.344280701754386,0.40141379310344827,0.1621818181818182,0.19401666666666667,243.0,68.6412275442414,0.18209888357256782,0.2073971264367816
211,bo naylor,666310,74.91626269005907,73.87075796777225,8.381822501812374,9.311567821201207,3.0226658965171523e-165,1.159460302911064,1.2356678241329057e-88,0.9681046229362932,0.3167142857142857,0.3575263157894737,0.14002105263157896,0.14453191489361703,191.0,68.63911555327209,0.17669323308270676,0.21299440089585667
212,ezequiel tovar,678662,75.44352230155793,73.22931615422219,8.32927795831839,9.071505637770773,2.0422598379737216e-300,1.1662803369333186,1.0200522509309099e-154,0.9738759959645348,0.35228070175438597,0.39073529411764707,0.12628930817610065,0.1681645569620253,319.0,68.63765996469972,0.22599139357828532,0.22257073715562176
213,james mccann,543510,74.92166120373525,74.03083149224145,10.431871514922847,9.949731576200023,5.7613378954552343e-98,1.1834005621328987,3.4417232771950766e-62,0.9790527955330438,0.41731034482758617,0.3897142857142857,0.2327307692307692,0.20984615384615382,104.0,68.61729748062422,0.18457957559681695,0.17986813186813186
214,ben rortvedt,666163,74.60661626946764,73.53973183283672,9.823955888063004,9.582641151727136,1.1123581420238303e-118,1.1698704473091774,2.5536830384746117e-62,0.9706865976068474,0.30648,0.296,0.11971875,0.12025,129.0,68.60921566502539,0.18676125,0.17575
215,eugenio suárez,553993,75.47208889295325,74.25939194550911,10.00699452170302,8.988146452250248,4.693345770321286e-211,1.1656823091367114,4.567084371370185e-119,0.9719304247409941,0.24683636363636366,0.23143478260869563,0.11313333333333334,0.08871666666666665,240.0,68.5683972808509,0.13370303030303032,0.142718115942029
216,trey lipscomb,702358,75.56223953968421,72.51864637154166,5.940995069149478,8.970428807998095,4.890912475568936e-150,1.1654237136205956,6.486336956928096e-77,0.9556105666140057,0.2192285714285714,0.24379999999999996,0.09964935064935064,0.1283157894736842,154.0,68.56434552964728,0.11957922077922077,0.11548421052631577
217,lourdes gurriel,666971,74.43622722360448,73.40691871561378,8.624611449115104,9.244013834612762,2.5207736057255614e-252,1.178209014390263,5.6182210595014435e-164,0.9737278263005519,0.3213709677419355,0.3296,0.1509469696969697,0.17478787878787877,265.0,68.55217678953734,0.17042399804496583,0.15481212121212123
218,harrison bader,664056,76.39141459241874,73.98526753463334,8.085386233589068,9.614929736519338,5.1662360896661545e-139,1.1698733937028065,2.259005999416542e-91,0.9713889647447338,0.33765957446808514,0.4062105263157895,0.19353658536585366,0.18824390243902442,164.0,68.45063124552621,0.14412298910223148,0.2179666238767651
219,willi castro,650489,75.56059618027264,73.52945476744317,7.507053218487692,9.722458509025781,7.123917520817573e-244,1.1398424262547424,1.0618962307039662e-135,0.9673535350324807,0.46806382978723404,0.4573478260869566,0.17459523809523808,0.166968253968254,253.0,68.37671785392897,0.29346859169199596,0.29037957211870263
220,jordan westburg,676059,74.35380476615114,73.25366552569817,9.260094563247433,10.123984593220715,1.357292626231746e-228,1.2147750134290412,3.847836274904515e-123,0.9707900480793752,0.47147169811320755,0.5377307692307691,0.20315447154471544,0.22919672131147537,247.0,68.36614554152513,0.2683172265684921,0.30853404791929373
221,jonah heim,641680,74.70390213066473,72.9120053530472,6.90436247784874,9.291495332513549,1.4605074714541494e-225,1.2050466826497077,2.34318769127549e-134,0.9740544608499164,0.3308431372549019,0.39879999999999993,0.14672173913043476,0.17491228070175435,231.0,68.3451152774355,0.18412139812446712,0.22388771929824558
222,jake rogers,668670,73.6188892518264,72.30187628865293,9.060273813153861,9.396606030058742,3.4862701823292957e-121,1.2239500821722755,7.04226364426195e-65,0.978171458608091,0.3794444444444445,0.2933333333333333,0.2134375,0.16499999999999998,128.0,68.07639963808103,0.16600694444444447,0.1283333333333333
223,zach neto,687263,75.41175232809329,74.0981094692585,11.309321604719484,9.539573290845878,7.47738016363805e-224,1.1611235417263033,1.00339498559344e-130,0.9765819777046808,0.3006415094339623,0.39975000000000005,0.12646031746031747,0.1776666666666667,253.0,67.98548551288498,0.17418119197364482,0.22208333333333335
224,richie palacios,680700,73.497726496531,72.45002269539889,7.334232789954891,9.695628134694255,2.8381235328432575e-172,1.1852896098580958,1.19722331936405e-90,0.9696519179676382,0.3207647058823529,0.36088888888888887,0.12535632183908044,0.15106976744186046,174.0,67.95396891954164,0.19540838404327246,0.2098191214470284
225,enmanuel valdez,665839,74.38761193076033,73.36142657852339,9.367971657304,9.05808947573337,2.992032659773404e-150,1.1741149364488104,1.7954732281845773e-82,0.9647486915544004,0.3188529411764705,0.426764705882353,0.13898717948717945,0.18602564102564104,156.0,67.87246241548294,0.17986576168929105,0.24073906485671195
226,ozzie albies,645277,74.58560864817454,72.37637596400704,5.8173689765619185,9.319552447001252,1.3889007709736794e-209,1.2104470843222754,6.650329035583775e-128,0.9780108947628291,0.2592340425531915,0.26339999999999997,0.11177981651376147,0.09755555555555555,218.0,67.86662522424707,0.14745422603943004,0.1658444444444444
227,stuart fairchild,656413,75.74092752105686,73.26030943666328,11.075735313549936,9.097482493028973,1.5792637179103888e-103,1.1677258339497425,7.494843217744941e-48,0.9599786252258318,0.35014285714285714,0.4147142857142857,0.16340000000000002,0.19353333333333333,121.0,67.81887751943648,0.18674285714285713,0.22118095238095237
228,davis schneider,676914,73.95514367610954,72.74360471586446,8.530495307177171,9.955659113898694,1.8399209798839966e-133,1.195337672401083,7.527021216778341e-79,0.9680571513373402,0.3552727272727273,0.37385714285714283,0.16283333333333333,0.1453888888888889,145.0,67.76075747019036,0.19243939393939397,0.22846825396825393
229,gleyber torres,650402,73.83767079396854,72.53020047746024,7.16010642236165,9.345552588428708,7.78929104525067e-267,1.1795058659563649,9.736866184613085e-162,0.9765752940009836,0.28994915254237286,0.27775,0.12307194244604316,0.11271014492753624,278.0,67.73635045704444,0.1668772100963297,0.16503985507246377
230,nick martini,605361,73.000457004002,71.64187273728858,6.16631760861968,9.779531449601219,1.4989230805582874e-131,1.193670722037717,3.262222321443207e-75,0.9746421264745032,0.27934374999999995,0.2624,0.1259014084507042,0.11245714285714285,143.0,67.69513908844695,0.15344234154929576,0.14994285714285716
231,tim anderson,641313,73.85484194020094,72.63036793146698,7.501412574806793,9.290427211193924,2.8829878905935532e-173,1.177265568084986,9.956555657711602e-103,0.9791613560050502,0.25270454545454546,0.23816666666666664,0.11828723404255319,0.12161702127659572,188.0,67.6394618196145,0.13441731141199226,0.11654964539007091
232,nico hoerner,663538,72.7792043771609,71.6207354106447,7.043997765581777,9.336620102194155,2.4791270213140645e-220,1.1999419273203042,2.3612268300792816e-158,0.9755805702828022,0.32477464788732396,0.34167567567567564,0.19377310924369748,0.21427118644067797,239.0,67.6200543062048,0.1310015386436265,0.12740448923499767
233,adley rutschman,668939,73.49870239884115,72.14135564709899,7.382345397103739,9.644010313753558,6.771106277463468e-250,1.2335739913655124,2.715504786948225e-172,0.9765461391607048,0.42675342465753424,0.41033333333333327,0.2209432624113475,0.1934428571428571,283.0,67.58762497661567,0.20581016224618673,0.21689047619047616
234,darell hernaiz,687231,73.63513386321621,72.1797148516534,6.265736365805466,9.380477376796687,2.4414780840492446e-110,1.1952787570869963,4.850181498280012e-62,0.9661065581512702,0.37314285714285716,0.39326666666666665,0.1832982456140351,0.21067857142857144,114.0,67.54646574145013,0.18984461152882207,0.18258809523809522
235,brendan donovan,680977,74.34126274923025,72.57594536544327,8.449929781361371,9.971069402728599,5.143492835861369e-211,1.2184260842256986,8.825964274888622e-138,0.9758587100527331,0.3202424242424242,0.3637142857142857,0.20926732673267326,0.2546,202.0,67.5099121203464,0.11097509750975096,0.10911428571428572
236,yan gomes,543228,73.0209295636466,72.01798323372421,6.188962691568598,8.897198358087296,4.095446326380381e-112,1.1649302822202279,1.7834589135522368e-54,0.9703912728584477,0.41731818181818187,0.5013,0.17001851851851854,0.18566666666666667,108.0,67.46115154215772,0.24729966329966332,0.3156333333333333
237,freddy fermin,666023,73.73331313908837,72.3279438025526,8.846466584030058,9.132619097061587,5.259961539114591e-112,1.1957575502898732,4.0281724518692e-76,0.98217829759427,0.24665384615384614,0.32539999999999997,0.10869491525423727,0.1683103448275862,118.0,67.45149142924427,0.13795893089960887,0.15708965517241377
238,jesse winker,608385,73.54144670784265,71.97654803550972,8.077189279905703,9.42622538337598,5.521080204700721e-248,1.1964080549265539,2.7630739755245287e-134,0.9751298627812175,0.33533333333333326,0.3678666666666667,0.1579669421487603,0.18393333333333334,242.0,67.33498815292741,0.17736639118457295,0.18393333333333334
239,danny jansen,643376,73.24914231609642,71.88590536156872,7.2174174977565295,10.02073574148959,3.899133903427923e-104,1.247290377727831,3.478525509882705e-70,0.9823915396961088,0.5070416666666667,0.46469230769230774,0.24338000000000004,0.24164000000000002,100.0,67.31450476493987,0.2636616666666667,0.22305230769230772
240,michael busch,683737,74.24453537571318,73.18586733041984,7.663149221654486,9.274992478781277,8.494786924877488e-245,1.232947616564441,2.212009111063534e-126,0.9734221349588444,0.4864807692307693,0.6286666666666667,0.2007698412698413,0.20955555555555555,253.0,67.30636687313878,0.285710927960928,0.41911111111111116
241,chris taylor,621035,74.34639494437901,72.74997667033821,8.238337456170807,9.457683768427822,2.5752028308394817e-96,1.1518080733454883,1.2646229262861101e-50,0.9821112051602627,0.26709090909090905,0.33973333333333333,0.11521568627450979,0.20384,102.0,67.27517111639884,0.15187522281639926,0.13589333333333334
242,nolan arenado,571448,74.87842116024953,73.17213581357281,8.379448472333605,8.26456886028568,4.5281795327545497e-203,1.1898055555098148,2.0623984508867113e-132,0.9720319320430149,0.30818461538461533,0.35997058823529415,0.1772743362831858,0.21855357142857143,226.0,67.26743181350486,0.13091027910142952,0.14141701680672272
243,jorge polanco,593871,74.19036193458975,72.92780054306832,9.279895824028678,9.40590106504217,2.203797346435183e-252,1.1841964703611483,6.68886814582543e-145,0.9747223408993645,0.34003773584905655,0.3219666666666666,0.13757251908396945,0.14859999999999998,262.0,67.24074897560725,0.2024652167650871,0.17336666666666664
244,taylor ward,621493,73.07774767804385,71.53901180168398,6.962143608680046,9.82857810882625,2.082207385295201e-236,1.2106429383573052,4.1329081725651076e-163,0.9741510424385041,0.3876027397260274,0.3891428571428572,0.22635999999999998,0.2636129032258065,250.0,67.22523635789969,0.1612427397260274,0.12552995391705069
245,ceddanne rafaela,678882,74.23905685041547,72.92706865469864,10.963834975477287,9.315929094094171,6.36128445457781e-239,1.1472705372158183,1.3867874311276876e-123,0.9614995701578106,0.3657735849056603,0.3568965517241379,0.14798473282442745,0.15923076923076923,262.0,67.22228692074552,0.21778885208123286,0.1976657824933687
246,will brennan,686823,72.96377489467625,71.57298466875432,7.601103196698333,9.89253990424885,2.0185990749075438e-181,1.2011608969414727,2.6451667232966695e-112,0.9728418184734757,0.3204642857142857,0.3860344827586207,0.18312244897959182,0.22846938775510206,196.0,67.20631694457072,0.13734183673469388,0.15756509500351862
247,mookie betts,605141,75.10314279109485,72.30264418006286,8.431211692681162,9.798982247105203,2.1482981299174416e-187,1.2156218283750837,2.2201969827622163e-136,0.9754622979668592,0.328469696969697,0.3344516129032258,0.218979797979798,0.21159183673469384,198.0,67.18474984452162,0.10948989898989903,0.12285977616853194
248,nick gordon,624503,73.80506931354549,71.82252718852487,6.822413578139618,9.21029292064232,2.453576992357634e-169,1.1804212917803278,7.424432162370605e-92,0.9646388727762546,0.3288536585365854,0.3917391304347826,0.14981111111111112,0.20022222222222222,181.0,67.17036821297303,0.17904254742547426,0.19151690821256037
249,martín maldonado,455117,72.76789563297368,71.82848742103185,9.051086814293232,8.99898499404059,8.922848609356436e-108,1.1954313067481444,5.912875159565298e-54,0.9693450132237486,0.35505000000000003,0.4111666666666666,0.12910909090909092,0.1827407407407407,111.0,67.04112573454881,0.2259409090909091,0.22842592592592592
250,jose trevino,624431,71.76761804535879,70.46540391529035,7.734068230711392,9.693191265220468,7.127176530520879e-126,1.214844691057677,1.6571387148462402e-80,0.9733157524463952,0.3822121212121212,0.4426111111111111,0.2102166666666667,0.2655666666666667,120.0,67.02904755213946,0.17199545454545453,0.17704444444444445
251,alejandro kirk,672386,73.89265750534491,72.36273391349684,8.618001148273462,9.631970752673112,7.4578542748654e-105,1.223657158000616,2.949169642220512e-68,0.9749878917784041,0.25175,0.2203846153846154,0.13821568627450978,0.11460000000000001,103.0,66.98659899451707,0.1135343137254902,0.1057846153846154
252,emmanuel rivera,656896,73.31641965652912,71.31686007026607,6.971338421935071,9.941914615485892,3.5419509879237494e-151,1.242819968826639,6.208602653068225e-85,0.9773928419514639,0.28475675675675677,0.31805882352941184,0.14237837837837838,0.14613513513513515,149.0,66.96541037577431,0.14237837837837838,0.17192368839427669
253,anthony rizzo,519203,73.56712490178646,72.0581211686809,6.524770090593689,9.859230145001797,3.688036477998413e-247,1.1942900015833757,1.0753571902498331e-142,0.9681749295388568,0.31717241379310346,0.40559999999999996,0.1520330578512397,0.20279999999999998,243.0,66.88654178376692,0.16513935594186377,0.20279999999999998
254,luis campusano,669134,72.6573852640248,71.52914583038093,6.822519343221363,9.162012644793718,1.228360213199053e-171,1.1894175500565969,2.2544171297920244e-96,0.9657326705881386,0.2702380952380952,0.2950384615384615,0.13352941176470587,0.18264285714285713,171.0,66.85447859592148,0.13670868347338935,0.11239560439560439
255,johan rojas,679032,75.63610803757265,73.99154547342509,13.509979165918462,9.459325885239984,1.7161857483151223e-160,1.1550258259236599,4.909433004335823e-88,0.97201230324024,0.3082926829268293,0.3265882352941177,0.15228915662650605,0.13541463414634147,166.0,66.8340798273419,0.15600352630032327,0.1911736011477762
256,will smith,669257,74.14818859684972,72.27274921272578,7.795746220881778,9.2428321753994,1.4985468020040599e-198,1.2379385372557408,7.632730832847876e-136,0.9772573381408244,0.34901754385964917,0.3327586206896551,0.18767924528301888,0.18207547169811317,212.0,66.81590517007197,0.1613382985766303,0.15068314899154195
257,mike tauchman,643565,73.0547779779163,71.75794872879145,7.748549525578047,9.676959549273455,2.899876238955872e-249,1.1950578001860261,2.0462946339135438e-151,0.9722553565329025,0.29222448979591836,0.40969565217391307,0.10847727272727271,0.14277272727272727,264.0,66.81191913043158,0.18374721706864566,0.2669229249011858
258,nick senzel,669222,73.0645113538799,72.06201068489153,9.085647635362172,8.880275029417371,6.640005572760619e-112,1.1709127287796721,9.815938754886949e-64,0.9678573064746401,0.45796969696969697,0.5231176470588236,0.236140625,0.27790625,129.0,66.7481476796529,0.22182907196969698,0.24521139705882355
259,jake cronenworth,630105,73.39907376885532,72.04920146809006,8.422160875121007,9.630117667483457,8.432465274426434e-220,1.2308028332517165,2.590845108516785e-149,0.979309940217158,0.36583928571428576,0.39876923076923076,0.17361864406779662,0.17572881355932204,237.0,66.63536808624004,0.19222064164648914,0.22304041720990872
260,josh smith,669701,73.67447633961997,72.46256779271725,11.203679168724396,9.956953529725487,1.9904447822945125e-200,1.179612847263426,4.442686974365009e-124,0.966935009516448,0.3367777777777778,0.35575,0.15952631578947368,0.12482456140350878,229.0,66.62925020238451,0.1772514619883041,0.23092543859649123
261,eddie rosario,592696,73.43894159105524,72.23961060035991,11.388046537267938,9.652087762385863,6.42148878874737e-145,1.186260733308045,2.2367521588511305e-73,0.9641639823593845,0.40761363636363634,0.4130869565217391,0.24236486486486486,0.25678378378378375,149.0,66.61435136189188,0.16524877149877149,0.15630317273795535
262,jeimer candelario,600869,74.07801649964311,72.6033490966918,8.749782725817198,8.569635082313056,6.582489023750149e-192,1.2093626499398786,2.892340886809719e-101,0.9679749309274285,0.338219512195122,0.53895,0.1372970297029703,0.21558,203.0,66.55813319006529,0.20092248249215167,0.32337000000000005
263,luis rengifo,650859,74.29819157121457,72.4089834619832,10.891443139250116,9.508297285545988,3.774132920728186e-191,1.1621063580952116,1.0564824270976172e-108,0.975929665020662,0.32477272727272727,0.3556956521739131,0.15703296703296704,0.18180000000000002,183.0,66.5513145212033,0.16773976023976023,0.17389565217391306
264,anthony rendon,543685,72.03339850423778,70.3083628338921,6.235253804081505,10.026990648701547,1.503814822719398e-103,1.2174729857130946,9.010265805338063e-80,0.9780624936484531,0.2771290322580645,0.35210526315789475,0.1620943396226415,0.25730769230769235,106.0,66.48482430941192,0.11503469263542301,0.0947975708502024
265,josé caballero,676609,76.37946188226242,74.34501716700423,11.632813133448245,9.860433559814075,6.1047338891688715e-177,1.1599061178577534,3.0013361088954008e-96,0.9619022444152263,0.3853571428571429,0.25652631578947366,0.16024752475247528,0.09748,203.0,66.44451132259537,0.22510961810466762,0.15904631578947365
266,ha-seong kim,673490,73.40845622806957,71.96157955521144,9.461855303365814,9.878141656167369,1.4040555230506326e-201,1.184555126906253,1.2176333026153058e-118,0.9645136715905668,0.34492592592592597,0.32596153846153847,0.1740747663551402,0.15990566037735848,214.0,66.36430684727792,0.17085115957078578,0.16605587808418
267,masyn winn,691026,73.9081869450277,71.96336455682375,10.4795365692106,9.273199716541633,5.591830454309012e-170,1.1668154776479602,7.43942951665355e-107,0.9667585566136543,0.27067307692307696,0.37196296296296294,0.15298913043478263,0.21832608695652173,185.0,66.27621607372996,0.11768394648829433,0.15363687600644121
268,christian vázquez,543877,71.86969951123884,70.15897150629442,5.014765538612818,9.544481326082273,1.0128671945988408e-138,1.225683527384826,2.6023203346314175e-78,0.9735316915261817,0.3435142857142857,0.3544444444444444,0.16933802816901408,0.18228571428571425,143.0,66.16719781321325,0.17417625754527163,0.17215873015873015
269,robbie grossman,543257,72.54585141418738,71.56694350210175,7.713476898623279,10.258130568217238,5.420395538812145e-138,1.2273733479275222,5.713547051259086e-98,0.9807908889669993,0.2935666666666667,0.31107692307692314,0.11742666666666667,0.10929729729729731,151.0,66.12887176882002,0.17614000000000002,0.20177962577962583
270,anthony volpe,683011,72.91639894836321,71.53921347073876,9.489297160459314,9.431614883061426,1.1926366565169583e-254,1.2094128458406177,1.22392222333539e-173,0.9733788430223463,0.35847945205479453,0.37174999999999997,0.1780204081632653,0.2036986301369863,294.0,66.11981319891363,0.18045904389152922,0.16805136986301367
271,charlie blackmon,453568,71.3471987424847,69.85891499461808,4.930326245687978,9.236726804294197,2.1903641968645733e-176,1.1883306544811987,8.122636334981287e-112,0.9751569583625641,0.19705263157894737,0.16266666666666665,0.0832,0.06506666666666666,180.0,66.11575019356938,0.11385263157894737,0.09759999999999999
272,mark canha,592192,72.29583327438336,70.79017535113468,7.2184552038178635,9.263949093914803,7.885558850235609e-179,1.2082805528790515,7.641123330183791e-107,0.9691054509490936,0.35421276595744683,0.29714999999999997,0.17710638297872341,0.1264468085106383,189.0,66.0837156501953,0.17710638297872341,0.17070319148936167
273,josé altuve,514888,74.69034354479675,72.99866625619588,10.541708597400294,8.447826285301428,5.7836373921164684e-223,1.203189023636709,2.3106537217697916e-148,0.9728266563390987,0.3391746031746032,0.3540740740740741,0.170944,0.15419354838709678,251.0,65.9780509878604,0.16823060317460317,0.1998805256869773
274,isaac paredes,670623,72.10690197898873,70.3938134617601,6.793349807955099,8.341401291347994,1.5690186412626496e-272,1.2164688729564241,5.652261199650025e-170,0.9770389292893311,0.31579999999999997,0.38107142857142856,0.130593984962406,0.16166666666666665,266.0,65.93837143362343,0.18520601503759396,0.2194047619047619
275,pete crow-armstrong,691718,75.74184346831922,74.06554065534597,15.228673846412574,9.696156402365903,2.903224332394572e-105,1.17350417577588,5.192790438437193e-66,0.9785582358438716,0.3094090909090909,0.21666666666666665,0.1153728813559322,0.06724137931034482,118.0,65.90476119185551,0.1940362095531587,0.14942528735632182
276,sal frelick,686217,72.45391531598536,71.31977106700776,8.092871094430862,9.54403221646099,5.107331271169073e-167,1.2281249152529254,1.2572329820594987e-118,0.9766963186061677,0.27390000000000003,0.2855217391304348,0.1488586956521739,0.1427608695652174,185.0,65.88611534204419,0.12504130434782612,0.1427608695652174
277,blake perkins,663368,72.67136439772041,71.79717116108806,13.56473086947346,9.29119514392249,1.9165549257917617e-173,1.2242834511204335,5.69337181192574e-87,0.9743749045224056,0.33832203389830506,0.3421153846153846,0.2169673913043478,0.1933695652173913,184.0,65.81692726643713,0.12135464259395726,0.1487458193979933
278,brayan rocchio,677587,72.91001647656243,72.0331730055589,12.317364493636298,9.409816390454756,5.88665318397563e-203,1.1838778534844332,1.154928908129273e-115,0.9737016570657415,0.30508695652173917,0.2952857142857143,0.14034000000000002,0.16536,201.0,65.81224041512398,0.16474695652173915,0.1299257142857143
279,marcus semien,543760,72.65459132098427,70.72882123959748,8.305048920308925,8.721981366619485,7.30512646748638e-250,1.2347691096601756,2.553645121093979e-179,0.9751557326244051,0.4439999999999999,0.49364444444444444,0.2505428571428571,0.31734285714285715,281.0,65.79303893975141,0.19345714285714277,0.1763015873015873
280,jake mccarthy,664983,74.46751730469197,71.94405072747526,11.968649879985831,9.711213037295321,1.5862615444882164e-143,1.1751844199968444,7.472794700256108e-86,0.9664104227844706,0.34151219512195125,0.3693809523809524,0.18184415584415586,0.20413157894736844,154.0,65.62437981108344,0.15966803927779538,0.16524937343358398
281,isiah kiner-falefa,643396,71.52070623350201,69.79805284581133,7.199496101994614,9.723515575333366,6.819531664301627e-148,1.19880959811134,3.1667460800821357e-103,0.9724083998652818,0.37576595744680846,0.3564444444444444,0.22076249999999997,0.24059999999999998,160.0,65.60975495395311,0.1550034574468085,0.11584444444444442
282,tyler nevin,663527,72.07342063688989,70.36807651787868,8.969889788513996,9.596149632609434,3.528171272795163e-210,1.2484864636378914,2.842072967283079e-121,0.9791719188518445,0.2734666666666667,0.24904166666666663,0.11500934579439254,0.11277358490566036,215.0,65.60011834622856,0.15845732087227415,0.13626808176100627
283,santiago espinal,669289,72.49646633509172,70.07161577133202,8.810530299530518,8.87960554480208,8.834472559678841e-137,1.2231426419404605,2.1609563078504935e-99,0.9755696804547244,0.2487560975609756,0.25204347826086965,0.14165277777777777,0.16102777777777783,144.0,65.56360319247568,0.10710331978319784,0.09101570048309182
284,zach mckinstry,656716,71.4411131943077,69.95058646928885,6.65525548481235,9.430547271208429,1.6786118652647838e-98,1.2080778019795313,7.361562239097668e-56,0.9757722003221843,0.28099999999999997,0.21572727272727274,0.11448148148148148,0.08788888888888889,108.0,65.51141226769352,0.1665185185185185,0.12783838383838386
285,alex verdugo,657077,72.24153772831455,70.77835971347533,8.316386159890198,10.41518062778813,1.532439869490071e-188,1.2328647738671377,9.02566277581926e-133,0.9774010484105504,0.32582,0.34662962962962957,0.16291,0.18717999999999996,200.0,65.5088157210988,0.16291,0.1594496296296296
286,oswaldo cabrera,665828,71.49117503748614,70.39350835079269,10.059047851472009,9.803250870000243,1.4519299438838328e-189,1.202946745360559,6.930896846332837e-122,0.9766871979996476,0.2993018867924528,0.30696551724137927,0.16875531914893616,0.18940425531914892,189.0,65.470349111286,0.13054656764351663,0.11756126192223035
287,andrés giménez,665926,72.3889189214546,70.80423472703067,8.777701595518453,9.59231169619969,3.8855383495438824e-291,1.1957696724409896,8.406934347997624e-163,0.9762634098226064,0.3294716981132075,0.3147391304347826,0.12211188811188808,0.10195774647887322,286.0,65.40314687258905,0.2073598100013194,0.21278138395590934
288,jeff mcneil,643446,73.11217731642245,71.42619803735447,9.756174384478234,9.606237737565154,2.043920705439251e-208,1.1978718406007218,2.21219207229197e-143,0.9663603456996033,0.2946363636363636,0.2694,0.13969827586206895,0.1161206896551724,232.0,65.39223947657469,0.15493808777429463,0.15327931034482756
289,andrew benintendi,643217,71.85159199157995,70.9603834005433,10.397328995746141,10.057609072116044,9.271730941642803e-209,1.2204473609826363,2.8267644730828e-142,0.9791433985332472,0.3383389830508474,0.3369629629629629,0.18147272727272723,0.1654181818181818,221.0,65.26641357852148,0.1568662557781202,0.1715447811447811
290,nick ahmed,605113,71.56344501313741,70.3736522385056,9.706068545024818,8.986083539390755,7.489502360089255e-189,1.1977495513207472,2.5602109745050585e-111,0.9754125003592118,0.2873953488372093,0.3133,0.12358000000000001,0.12532,201.0,65.2385989781397,0.16381534883720927,0.18798000000000004
291,josh rojas,668942,70.57943212523458,69.20794864950942,5.0785989005765995,9.017746544750997,2.3047596098428236e-167,1.2523733787042064,6.646621437201653e-109,0.9767709178145977,0.40769047619047616,0.4095217391304347,0.2014470588235294,0.22426190476190472,170.0,65.22908538028545,0.20624341736694676,0.18525983436853
292,bryson stott,681082,71.1994095947521,69.91155895877218,7.548811975533111,9.372561870799798,4.166453632852087e-202,1.2262419191976264,1.3896320147134899e-120,0.9731990442886279,0.3747818181818182,0.43790909090909086,0.20208823529411768,0.2833529411764706,204.0,65.03172560521014,0.17269358288770054,0.15455614973262027
293,jake meyers,676694,74.50292860492551,72.1625033748601,12.898785976464843,9.557643569876147,1.94005924070493e-91,1.2370683042348245,9.900242696168147e-59,0.977709775713902,0.3797142857142857,0.36439999999999995,0.1968888888888889,0.20244444444444443,108.0,65.00324054107703,0.18282539682539684,0.16195555555555552
294,nolan schanuel,694384,71.54752179496023,69.61853335071841,6.4240004852603665,9.702082127796817,9.783297672555763e-160,1.261466109088766,1.5223957541706618e-106,0.9747620111416598,0.364275,0.30222727272727273,0.1755542168674699,0.16217073170731708,166.0,64.91247168004034,0.18872078313253013,0.14005654101995565
295,michael siani,672279,74.56514458096761,72.67839845817143,15.03588904857641,9.372155802100592,6.4471482902536576e-108,1.1316324068223436,6.091753706448815e-56,0.959186321824261,0.283,0.2693333333333333,0.1595090909090909,0.14962962962962964,111.0,64.75796182477443,0.12349090909090907,0.11970370370370367
296,luis urías,649966,72.63380911809804,70.65302055412161,9.11639207997358,8.496775005039499,1.165735132099889e-101,1.1961410948772044,3.242884977441239e-64,0.9725273944557362,0.3302727272727273,0.4800909090909091,0.12975,0.1886071428571429,112.0,64.75220673804151,0.20052272727272727,0.29148376623376626
297,kyle farmer,571657,70.84153430922353,68.92158984326264,6.35451664527423,9.716920114652172,5.060156679071032e-109,1.2368951435553366,3.5370969011468505e-68,0.9748781240700262,0.2297777777777778,0.20973333333333335,0.1148888888888889,0.11651851851851854,109.0,64.53542006282744,0.1148888888888889,0.09321481481481482
298,austin martin,668885,69.99834560201498,68.2276670690281,7.377534050979484,9.3430641627918,8.813536953208504e-123,1.2197707948217678,1.5732621322102028e-81,0.9790254931215863,0.3312285714285715,0.35329411764705876,0.18698387096774197,0.19374193548387092,124.0,64.23970219708887,0.14424470046082952,0.15955218216318784
299,vidal bruján,660644,70.3507890131746,69.49800400293722,10.509534637814138,9.327989651844973,7.380311461174138e-127,1.2016011133052262,2.085072306775711e-74,0.9692702836596085,0.30316666666666664,0.31821428571428567,0.13374999999999998,0.13102941176470587,136.0,64.07666604746966,0.16941666666666666,0.1871848739495798
300,kevin newman,621028,71.54926313813722,69.26575547019972,10.829648306489782,9.726054550603664,3.655279417689038e-120,1.2334066559380776,1.588302325658688e-79,0.9720822090777752,0.31575675675675674,0.3822857142857143,0.17437313432835821,0.24327272727272728,134.0,64.04404867427549,0.14138362242839853,0.139012987012987
301,adam frazier,624428,70.94981015521728,68.35287121101571,9.206537284625474,9.54875434756957,2.756940430422977e-126,1.2095132142184128,1.02167715366165e-81,0.9689026761592581,0.3065294117647059,0.2947058823529411,0.1488857142857143,0.1431428571428571,140.0,63.788929170703526,0.1576436974789916,0.151563025210084
302,wilmer flores,527038,70.78969496076097,68.69991579811402,7.462923286779898,9.353123377025941,4.6032380520742526e-154,1.2299439410621968,4.968419611889289e-95,0.9621737004374097,0.3052727272727273,0.3219090909090909,0.16790000000000002,0.17705,160.0,63.780839213204715,0.13737272727272729,0.1448590909090909
303,justin turner,457759,70.02078765815224,68.42787013448837,7.529926969533486,10.038109546770817,1.2785430734211516e-219,1.2628050338788364,6.695878091570831e-157,0.9788698688485984,0.2893478260869565,0.27912000000000003,0.11474137931034484,0.12031034482758622,232.0,63.52193427659911,0.1746064467766117,0.1588096551724138
304,keibert ruiz,660688,69.92509535025513,68.42206024911323,7.991196220385749,9.134651118008989,6.576012059649848e-119,1.2201979888577466,1.964007682172656e-75,0.9696579843820635,0.23123333333333335,0.22673333333333334,0.11188709677419355,0.10970967741935485,124.0,63.5112711508581,0.1193462365591398,0.1170236559139785
305,brice turang,668930,72.15512968572769,70.20226144313213,12.67211764535464,10.87028387268973,1.7694730218976557e-184,1.247354658319085,4.9116760696557723e-138,0.9760265375448702,0.3036428571428571,0.34953333333333336,0.16670588235294115,0.20560784313725491,204.0,63.3090136726859,0.13693697478991596,0.14392549019607845
306,ernie clement,676391,70.41167808950044,69.40906422414598,11.442883653275196,9.519744538528068,8.774847187573191e-111,1.1969292993936234,4.246318944106532e-77,0.9749935961320606,0.41081481481481474,0.5224545454545454,0.18183606557377047,0.19156666666666664,122.0,63.22148024859725,0.22897874924104428,0.33088787878787873
307,jacob young,696285,72.22524589571911,70.95979138431895,15.814836069334334,9.855986226795933,9.749657972251863e-153,1.1710829018323736,2.6613182755255097e-88,0.9647524364446507,0.3219166666666667,0.40068181818181825,0.1884390243902439,0.21500000000000002,164.0,62.993317406564515,0.13347764227642278,0.18568181818181823
308,nicky lopez,670032,69.57071509162571,67.79683665815473,8.356802754441174,9.674260989771218,2.3417643266139772e-157,1.256899151356112,3.5213572680013896e-99,0.9722662025635833,0.25579069767441864,0.32204347826086954,0.1374875,0.185175,161.0,62.31671213760697,0.11830319767441863,0.13686847826086954
309,steven kwan,680757,69.94760481543507,67.7723897060104,8.382208701147626,9.820003475882926,3.009920023842807e-165,1.2533733541528478,2.3771702255189246e-133,0.9793480854088671,0.34381999999999996,0.3198620689655172,0.2022470588235294,0.22085714285714286,170.0,62.26729178582515,0.14157294117647057,0.09900492610837436
310,whit merrifield,593160,67.74793029566041,65.9941205402351,8.726248369140661,8.92483809207467,2.874675106451337e-107,1.2655797307307424,3.757090857366149e-79,0.9817323192877297,0.29700000000000004,0.3577857142857143,0.14850000000000002,0.1727241379310345,117.0,60.98497969153804,0.14850000000000002,0.18506157635467982
311,luis arráez,650333,67.44842321967799,66.14179022292726,8.178266476379836,10.338821463718217,2.643643085372304e-209,1.3217080361768934,8.868206110616821e-177,0.9810419472620271,0.35055737704918033,0.36065625,0.1843448275862069,0.19898275862068965,233.0,60.39163938398079,0.16621254946297342,0.16167349137931036
